week,decile_value,decile
2021-12-11,0.02409420289855073,0.1
2021-12-11,0.055239914060635005,0.2
2021-12-11,0.061143330571665294,0.30000000000000004
2021-12-11,0.07864864864864866,0.4
2021-12-11,0.1,0.5
2021-12-11,0.10441295546558704,0.6
2021-12-11,0.12549253731343285,0.7000000000000001
2021-12-11,0.1399770904925544,0.8
2021-12-11,0.14790528233151184,0.9
2021-12-18,0.09466030926477173,0.1
2021-12-18,0.12522522522522522,0.2
2021-12-18,0.13386550556361876,0.30000000000000004
2021-12-18,0.1531084352115697,0.4
2021-12-18,0.1631578947368421,0.5
2021-12-18,0.16881182424660685,0.6
2021-12-18,0.17022600041467967,0.7000000000000001
2021-12-18,0.18468205278021232,0.8
2021-12-18,0.21468548194211912,0.9
2021-12-25,0.08047520880708989,0.1
2021-12-25,0.0934204160619255,0.2
2021-12-25,0.11382248760246941,0.30000000000000004
2021-12-25,0.12462025316455697,0.4
2021-12-25,0.13333333333333333,0.5
2021-12-25,0.14951612903225805,0.6
2021-12-25,0.1557349665924276,0.7000000000000001
2021-12-25,0.16411942301241195,0.8
2021-12-25,0.215599455040872,0.9
2022-01-01,0.06301912974526713,0.1
2022-01-01,0.08226860628039234,0.2
2022-01-01,0.09556770569114859,0.30000000000000004
2022-01-01,0.11652124964818464,0.4
2022-01-01,0.14558058925476602,0.5
2022-01-01,0.14814582614965047,0.6
2022-01-01,0.15630764136103983,0.7000000000000001
2022-01-01,0.17069055036344757,0.8
2022-01-01,0.20033303267883165,0.9
2022-01-08,0.0726396143029329,0.1
2022-01-08,0.0977185337093053,0.2
2022-01-08,0.1223297287042307,0.30000000000000004
2022-01-08,0.13935948328062975,0.4
2022-01-08,0.1430745814307458,0.5
2022-01-08,0.191947261663286,0.6
2022-01-08,0.2023183567487365,0.7000000000000001
2022-01-08,0.21403925403366628,0.8
2022-01-08,0.23985507246376814,0.9
2022-01-15,0.13013415892672858,0.1
2022-01-15,0.13873181119129302,0.2
2022-01-15,0.14329334787350054,0.30000000000000004
2022-01-15,0.1503544575725027,0.4
2022-01-15,0.1619047619047619,0.5
2022-01-15,0.1683720930232558,0.6
2022-01-15,0.18883384932920538,0.7000000000000001
2022-01-15,0.20275939114648794,0.8
2022-01-15,0.2237281910009183,0.9
2022-01-22,0.10798276059346276,0.1
2022-01-22,0.12263585793752674,0.2
2022-01-22,0.1309045045045045,0.30000000000000004
2022-01-22,0.1405787269877658,0.4
2022-01-22,0.1598173515981735,0.5
2022-01-22,0.1816105082809823,0.6
2022-01-22,0.20649806814190377,0.7000000000000001
2022-01-22,0.23434301406341018,0.8
2022-01-22,0.25720634367375395,0.9
2022-01-29,0.13755339805825242,0.1
2022-01-29,0.14457142857142857,0.2
2022-01-29,0.1637963334671484,0.30000000000000004
2022-01-29,0.17125766871165643,0.4
2022-01-29,0.18848167539267016,0.5
2022-01-29,0.20003511852502193,0.6
2022-01-29,0.20919193304980108,0.7000000000000001
2022-01-29,0.23377337733773396,0.8
2022-01-29,0.29110622710622713,0.9
2022-02-05,0.12335773362486929,0.1
2022-02-05,0.1503105590062112,0.2
2022-02-05,0.16265715256540944,0.30000000000000004
2022-02-05,0.17082432849644952,0.4
2022-02-05,0.18604651162790697,0.5
2022-02-05,0.19960344998512938,0.6
2022-02-05,0.21762139741114211,0.7000000000000001
2022-02-05,0.22848484848484849,0.8
2022-02-05,0.26007509386733424,0.9
2022-02-12,0.15375811939375195,0.1
2022-02-12,0.20765420106847987,0.2
2022-02-12,0.2268978444236176,0.30000000000000004
2022-02-12,0.24407286673058487,0.4
2022-02-12,0.25773195876288657,0.5
2022-02-12,0.2738751005756019,0.6
2022-02-12,0.29545454545454547,0.7000000000000001
2022-02-12,0.30537513997760357,0.8
2022-02-12,0.3131691985332635,0.9
2022-02-19,0.18921895861148197,0.1
2022-02-19,0.20752688172043013,0.2
2022-02-19,0.2197942730052822,0.30000000000000004
2022-02-19,0.2328888888888889,0.4
2022-02-19,0.2727272727272727,0.5
2022-02-19,0.2787165145716809,0.6
2022-02-19,0.2857142857142857,0.7000000000000001
2022-02-19,0.2972881355932203,0.8
2022-02-19,0.3410158472165787,0.9
2022-02-26,0.180067283431455,0.1
2022-02-26,0.19027568922305763,0.2
2022-02-26,0.24775191447418304,0.30000000000000004
2022-02-26,0.2493288590604027,0.4
2022-02-26,0.27058823529411763,0.5
2022-02-26,0.27831449126413155,0.6
2022-02-26,0.31507517269402685,0.7000000000000001
2022-02-26,0.32773564463705307,0.8
2022-02-26,0.3580363636363637,0.9
2022-03-05,0.19130162703379222,0.1
2022-03-05,0.2159767610748003,0.2
2022-03-05,0.24912468023579137,0.30000000000000004
2022-03-05,0.2664019663452449,0.4
2022-03-05,0.2868217054263566,0.5
2022-03-05,0.2958620689655172,0.6
2022-03-05,0.3081458062116422,0.7000000000000001
2022-03-05,0.3405810016039922,0.8
2022-03-05,0.35339657477557773,0.9
2022-03-12,0.17897264385558698,0.1
2022-03-12,0.18948325754443984,0.2
2022-03-12,0.19788117145096218,0.30000000000000004
2022-03-12,0.2327344434706398,0.4
2022-03-12,0.2409090909090909,0.5
2022-03-12,0.2564215588058505,0.6
2022-03-12,0.2695930646309116,0.7000000000000001
2022-03-12,0.2824302760378212,0.8
2022-03-12,0.30819047619047624,0.9
2022-03-19,0.1723906205920867,0.1
2022-03-19,0.18336281715875588,0.2
2022-03-19,0.21289198606271778,0.30000000000000004
2022-03-19,0.23790796909237688,0.4
2022-03-19,0.26306620209059234,0.5
2022-03-19,0.2672240138923344,0.6
2022-03-19,0.29805947228814744,0.7000000000000001
2022-03-19,0.31306823456599103,0.8
2022-03-19,0.3222734455177806,0.9
2022-03-26,0.17272534913245874,0.1
2022-03-26,0.19455280267088385,0.2
2022-03-26,0.20442012012708427,0.30000000000000004
2022-03-26,0.23825069713663877,0.4
2022-03-26,0.2493150684931507,0.5
2022-03-26,0.27537725432462273,0.6
2022-03-26,0.29484114501415537,0.7000000000000001
2022-03-26,0.3266595193424462,0.8
2022-03-26,0.3584192123665808,0.9
2022-04-02,0.16995547460028335,0.1
2022-04-02,0.18483691085478576,0.2
2022-04-02,0.19564387297876487,0.30000000000000004
2022-04-02,0.21205446833841807,0.4
2022-04-02,0.2823529411764706,0.5
2022-04-02,0.29121468926553673,0.6
2022-04-02,0.3224571702408051,0.7000000000000001
2022-04-02,0.33724474696655815,0.8
2022-04-02,0.3604636591478697,0.9
2022-04-09,0.20706013815522145,0.1
2022-04-09,0.22863910422049957,0.2
2022-04-09,0.2564069952305247,0.30000000000000004
2022-04-09,0.2810536237955593,0.4
2022-04-09,0.3032258064516129,0.5
2022-04-09,0.33698630136986296,0.6
2022-04-09,0.3500208073241781,0.7000000000000001
2022-04-09,0.364281559045957,0.8
2022-04-09,0.3912424740010947,0.9
2022-04-16,0.18086303939962478,0.1
2022-04-16,0.2227208976157083,0.2
2022-04-16,0.23762502660140455,0.30000000000000004
2022-04-16,0.2615942028985508,0.4
2022-04-16,0.2818181818181818,0.5
2022-04-16,0.3163841807909604,0.6
2022-04-16,0.35767827529021556,0.7000000000000001
2022-04-16,0.3705300988319856,0.8
2022-04-16,0.4170785417176413,0.9
2022-04-23,0.17678295770299474,0.1
2022-04-23,0.2,0.2
2022-04-23,0.2365094048720321,0.30000000000000004
2022-04-23,0.2633695652173913,0.4
2022-04-23,0.296875,0.5
2022-04-23,0.32629370629370624,0.6
2022-04-23,0.37158746208291205,0.7000000000000001
2022-04-23,0.38941176470588235,0.8
2022-04-23,0.4213642213642214,0.9
2022-04-30,0.2274044795783926,0.1
2022-04-30,0.2533898305084746,0.2
2022-04-30,0.2654232424677188,0.30000000000000004
2022-04-30,0.26936744847192606,0.4
2022-04-30,0.30303030303030304,0.5
2022-04-30,0.32062122519413283,0.6
2022-04-30,0.36187290969899666,0.7000000000000001
2022-04-30,0.39666666666666667,0.8
2022-04-30,0.44405458089668615,0.9
2022-05-07,0.16666666666666666,0.1
2022-05-07,0.23461538461538467,0.2
2022-05-07,0.2657329598506069,0.30000000000000004
2022-05-07,0.2770114942528736,0.4
2022-05-07,0.2916666666666667,0.5
2022-05-07,0.31390602752728997,0.6
2022-05-07,0.3761341571050309,0.7000000000000001
2022-05-07,0.43263263263263274,0.8
2022-05-07,0.49,0.9
2022-05-14,0.14269230769230773,0.1
2022-05-14,0.215609756097561,0.2
2022-05-14,0.2865384615384616,0.30000000000000004
2022-05-14,0.32223415682062295,0.4
2022-05-14,0.3333333333333333,0.5
2022-05-14,0.3510204081632653,0.6
2022-05-14,0.38851674641148326,0.7000000000000001
2022-05-14,0.40402930402930404,0.8
2022-05-14,0.4621621621621623,0.9
2022-05-21,0.17272727272727273,0.1
2022-05-21,0.225,0.2
2022-05-21,0.26890756302521013,0.30000000000000004
2022-05-21,0.30353430353430355,0.4
2022-05-21,0.3157894736842105,0.5
2022-05-21,0.42333333333333334,0.6
2022-05-21,0.443360433604336,0.7000000000000001
2022-05-21,0.5438127090301004,0.8
2022-05-21,0.6203030303030305,0.9
2022-05-28,0.17933333333333334,0.1
2022-05-28,0.22350230414746544,0.2
2022-05-28,0.2746236559139785,0.30000000000000004
2022-05-28,0.3298780487804879,0.4
2022-05-28,0.35714285714285715,0.5
2022-05-28,0.3728571428571429,0.6
2022-05-28,0.4059259259259259,0.7000000000000001
2022-05-28,0.46041055718475077,0.8
2022-05-28,0.502979902979903,0.9
2022-06-04,0.19430769230769235,0.1
2022-06-04,0.24948356807511737,0.2
2022-06-04,0.27936507936507937,0.30000000000000004
2022-06-04,0.331764705882353,0.4
2022-06-04,0.40625,0.5
2022-06-04,0.43159366262814536,0.6
2022-06-04,0.4444444444444444,0.7000000000000001
2022-06-04,0.4535757575757576,0.8
2022-06-04,0.4974025974025974,0.9
2022-06-11,0.2400609756097561,0.1
2022-06-11,0.263953488372093,0.2
2022-06-11,0.30133333333333334,0.30000000000000004
2022-06-11,0.3263157894736842,0.4
2022-06-11,0.34782608695652173,0.5
2022-06-11,0.3795342272406492,0.6
2022-06-11,0.41691528285955537,0.7000000000000001
2022-06-11,0.45720364741641334,0.8
2022-06-11,0.5130905645052118,0.9
2022-06-18,0.2014397367338544,0.1
2022-06-18,0.258517536103743,0.2
2022-06-18,0.29051049170059506,0.30000000000000004
2022-06-18,0.3485918003565063,0.4
2022-06-18,0.3739130434782609,0.5
2022-06-18,0.3797648617320748,0.6
2022-06-18,0.3917018284106892,0.7000000000000001
2022-06-18,0.41067168863779036,0.8
2022-06-18,0.4659574468085107,0.9
2022-06-25,0.2309067868206139,0.1
2022-06-25,0.25523809523809526,0.2
2022-06-25,0.29365079365079366,0.30000000000000004
2022-06-25,0.3156693185748876,0.4
2022-06-25,0.3509933774834437,0.5
2022-06-25,0.3672510518934081,0.6
2022-06-25,0.4076853526220615,0.7000000000000001
2022-06-25,0.43774588642830636,0.8
2022-06-25,0.4864864864864865,0.9
2022-07-02,0.1745762711864407,0.1
2022-07-02,0.21017857142857144,0.2
2022-07-02,0.26827173502455315,0.30000000000000004
2022-07-02,0.2803684483653347,0.4
2022-07-02,0.3247588424437299,0.5
2022-07-02,0.4025190503180301,0.6
2022-07-02,0.4140205864004991,0.7000000000000001
2022-07-02,0.47187932118164677,0.8
2022-07-02,0.5032594856124268,0.9
2022-07-09,0.20544515103338634,0.1
2022-07-09,0.22932630630005896,0.2
2022-07-09,0.23941391941391946,0.30000000000000004
2022-07-09,0.31275430359937406,0.4
2022-07-09,0.3416149068322981,0.5
2022-07-09,0.3745948678302756,0.6
2022-07-09,0.3940860215053763,0.7000000000000001
2022-07-09,0.4491335372069318,0.8
2022-07-09,0.48106951871657755,0.9
2022-07-16,0.15723270440251572,0.1
2022-07-16,0.18439335458969627,0.2
2022-07-16,0.23484622679853684,0.30000000000000004
2022-07-16,0.2914954051796157,0.4
2022-07-16,0.3064516129032258,0.5
2022-07-16,0.3704950495049505,0.6
2022-07-16,0.4139400921658986,0.7000000000000001
2022-07-16,0.42756375474769404,0.8
2022-07-16,0.4627686864219372,0.9
2022-07-23,0.1588888888888889,0.1
2022-07-23,0.2035007173601148,0.2
2022-07-23,0.21338854382332645,0.30000000000000004
2022-07-23,0.31829865361077114,0.4
2022-07-23,0.34210526315789475,0.5
2022-07-23,0.37288981288981293,0.6
2022-07-23,0.4218181818181818,0.7000000000000001
2022-07-23,0.45197534323339883,0.8
2022-07-23,0.5348809873640906,0.9
2022-07-30,0.12023809523809526,0.1
2022-07-30,0.2358208955223881,0.2
2022-07-30,0.30663549721273153,0.30000000000000004
2022-07-30,0.3503546099290781,0.4
2022-07-30,0.3793103448275862,0.5
2022-07-30,0.41499775482712165,0.6
2022-07-30,0.43333333333333335,0.7000000000000001
2022-07-30,0.4388480134538575,0.8
2022-07-30,0.46656394453004624,0.9
2022-08-06,0.2207792207792208,0.1
2022-08-06,0.27175324675324675,0.2
2022-08-06,0.3333333333333333,0.30000000000000004
2022-08-06,0.3699530516431926,0.4
2022-08-06,0.40625,0.5
2022-08-06,0.4518226600985221,0.6
2022-08-06,0.46717687074829933,0.7000000000000001
2022-08-06,0.48028311425682513,0.8
2022-08-06,0.5206896551724138,0.9
2022-08-13,0.17351916376306623,0.1
2022-08-13,0.3002079002079002,0.2
2022-08-13,0.33495934959349594,0.30000000000000004
2022-08-13,0.3492723492723493,0.4
2022-08-13,0.36585365853658536,0.5
2022-08-13,0.3824175824175824,0.6
2022-08-13,0.4124069478908189,0.7000000000000001
2022-08-13,0.4764705882352941,0.8
2022-08-13,0.5739463601532567,0.9
2022-08-20,0.19351351351351354,0.1
2022-08-20,0.2177777777777778,0.2
2022-08-20,0.2885714285714286,0.30000000000000004
2022-08-20,0.3241379310344828,0.4
2022-08-20,0.3888888888888889,0.5
2022-08-20,0.4121212121212121,0.6
2022-08-20,0.49677419354838714,0.7000000000000001
2022-08-20,0.6091787439613527,0.8
2022-08-20,0.6326315789473684,0.9
2022-08-27,0.22476190476190477,0.1
2022-08-27,0.2908496732026144,0.2
2022-08-27,0.3464882943143813,0.30000000000000004
2022-08-27,0.3739900779588944,0.4
2022-08-27,0.3888888888888889,0.5
2022-08-27,0.45561497326203204,0.6
2022-08-27,0.496,0.7000000000000001
2022-08-27,0.5214814814814814,0.8
2022-08-27,0.5945945945945946,0.9
2022-09-03,0.21090909090909093,0.1
2022-09-03,0.2767676767676768,0.2
2022-09-03,0.3333333333333333,0.30000000000000004
2022-09-03,0.3735054347826088,0.4
2022-09-03,0.46153846153846156,0.5
2022-09-03,0.5064516129032257,0.6
2022-09-03,0.55,0.7000000000000001
2022-09-03,0.5905092592592596,0.8
2022-09-03,0.6727272727272726,0.9
2022-09-10,0.2083012409071459,0.1
2022-09-10,0.27215265354800244,0.2
2022-09-10,0.3149425287356322,0.30000000000000004
2022-09-10,0.38225806451612904,0.4
2022-09-10,0.4225352112676056,0.5
2022-09-10,0.5,0.6
2022-09-10,0.5208845208845209,0.7000000000000001
2022-09-10,0.5725806451612905,0.8
2022-09-10,0.625,0.9
2022-09-17,0.22109227871939735,0.1
2022-09-17,0.25625485625485633,0.2
2022-09-17,0.3380952380952381,0.30000000000000004
2022-09-17,0.3866666666666667,0.4
2022-09-17,0.4074074074074074,0.5
2022-09-17,0.4679140679140679,0.6
2022-09-17,0.4981132075471698,0.7000000000000001
2022-09-17,0.5481283422459893,0.8
2022-09-17,0.6274231678486999,0.9
2022-09-24,0.22147512864493996,0.1
2022-09-24,0.25835164835164837,0.2
2022-09-24,0.3097902097902098,0.30000000000000004
2022-09-24,0.33921601900559994,0.4
2022-09-24,0.42857142857142855,0.5
2022-09-24,0.48259459459459453,0.6
2022-09-24,0.49795918367346936,0.7000000000000001
2022-09-24,0.5014925373134329,0.8
2022-09-24,0.5348253907003666,0.9
2022-10-01,0.17735849056603775,0.1
2022-10-01,0.24346600915815428,0.2
2022-10-01,0.28219249934434826,0.30000000000000004
2022-10-01,0.38006779661016965,0.4
2022-10-01,0.42857142857142855,0.5
2022-10-01,0.44493087557603683,0.6
2022-10-01,0.4788766788766789,0.7000000000000001
2022-10-01,0.528961038961039,0.8
2022-10-01,0.5810294968189705,0.9
2022-10-08,0.24282413350449294,0.1
2022-10-08,0.2542553191489362,0.2
2022-10-08,0.2753246753246753,0.30000000000000004
2022-10-08,0.33170884098719156,0.4
2022-10-08,0.4095238095238095,0.5
2022-10-08,0.4368809272918862,0.6
2022-10-08,0.47329207620434416,0.7000000000000001
2022-10-08,0.5223063063063064,0.8
2022-10-08,0.5397855866587254,0.9
2022-10-15,0.1885509838998211,0.1
2022-10-15,0.22445820433436534,0.2
2022-10-15,0.23203252032520327,0.30000000000000004
2022-10-15,0.2935064935064935,0.4
2022-10-15,0.3389830508474576,0.5
2022-10-15,0.3913621262458471,0.6
2022-10-15,0.45294117647058824,0.7000000000000001
2022-10-15,0.5239002267573697,0.8
2022-10-15,0.6034562211981567,0.9
2022-10-22,0.14163879598662207,0.1
2022-10-22,0.24208754208754207,0.2
2022-10-22,0.27314285714285713,0.30000000000000004
2022-10-22,0.3710819009100101,0.4
2022-10-22,0.42,0.5
2022-10-22,0.44107142857142856,0.6
2022-10-22,0.46120789779326365,0.7000000000000001
2022-10-22,0.515018315018315,0.8
2022-10-22,0.6004878048780489,0.9
2022-10-29,0.1925,0.1
2022-10-29,0.23290909090909093,0.2
2022-10-29,0.30129032258064514,0.30000000000000004
2022-10-29,0.3157894736842105,0.4
2022-10-29,0.36363636363636365,0.5
2022-10-29,0.40756302521008403,0.6
2022-10-29,0.47284427284427283,0.7000000000000001
2022-10-29,0.5200000000000001,0.8
2022-10-29,0.6265664160401003,0.9
2022-11-05,0.1597883597883598,0.1
2022-11-05,0.21142857142857144,0.2
2022-11-05,0.2780361757105943,0.30000000000000004
2022-11-05,0.32197802197802206,0.4
2022-11-05,0.39285714285714285,0.5
2022-11-05,0.41284210526315784,0.6
2022-11-05,0.4444444444444444,0.7000000000000001
2022-11-05,0.48400000000000004,0.8
2022-11-05,0.5450980392156863,0.9
2022-11-12,0.1825263157894737,0.1
2022-11-12,0.281912681912682,0.2
2022-11-12,0.31546052631578947,0.30000000000000004
2022-11-12,0.33643410852713174,0.4
2022-11-12,0.3798076923076923,0.5
2022-11-12,0.43000000000000005,0.6
2022-11-12,0.485483870967742,0.7000000000000001
2022-11-12,0.5924637681159421,0.8
2022-11-12,0.6493788819875776,0.9
2022-11-19,0.21109445277361322,0.1
2022-11-19,0.30329670329670333,0.2
2022-11-19,0.3221428571428572,0.30000000000000004
2022-11-19,0.36979591836734693,0.4
2022-11-19,0.40625,0.5
2022-11-19,0.44658385093167696,0.6
2022-11-19,0.49411764705882355,0.7000000000000001
2022-11-19,0.5615135135135135,0.8
2022-11-19,0.6008097165991904,0.9
2022-11-26,0.14977375565610862,0.1
2022-11-26,0.2544662309368192,0.2
2022-11-26,0.2748717948717949,0.30000000000000004
2022-11-26,0.36666666666666675,0.4
2022-11-26,0.41304347826086957,0.5
2022-11-26,0.44999999999999996,0.6
2022-11-26,0.48534303534303536,0.7000000000000001
2022-11-26,0.5121951219512197,0.8
2022-11-26,0.6,0.9
2022-12-03,0.2088888888888889,0.1
2022-12-03,0.24705882352941178,0.2
2022-12-03,0.31712018140589576,0.30000000000000004
2022-12-03,0.3972789115646259,0.4
2022-12-03,0.41509433962264153,0.5
2022-12-03,0.44248366013071894,0.6
2022-12-03,0.4546031746031746,0.7000000000000001
2022-12-03,0.5301587301587303,0.8
2022-12-03,0.6368839427662958,0.9
2022-12-10,0.17058823529411765,0.1
2022-12-10,0.22392344497607655,0.2
2022-12-10,0.2717770034843206,0.30000000000000004
2022-12-10,0.33846153846153854,0.4
2022-12-10,0.4318181818181818,0.5
2022-12-10,0.48799999999999993,0.6
2022-12-10,0.5183257918552037,0.7000000000000001
2022-12-10,0.535,0.8
2022-12-10,0.5483130904183536,0.9
2022-12-17,0.2109311740890688,0.1
2022-12-17,0.24444444444444446,0.2
2022-12-17,0.2690953248330298,0.30000000000000004
2022-12-17,0.31882926829268293,0.4
2022-12-17,0.4,0.5
2022-12-17,0.47490287490287486,0.6
2022-12-17,0.5423529411764707,0.7000000000000001
2022-12-17,0.5793741109530584,0.8
2022-12-17,0.5915441176470588,0.9
2022-12-24,0.11635443037974684,0.1
2022-12-24,0.1938983050847458,0.2
2022-12-24,0.23073891625615767,0.30000000000000004
2022-12-24,0.3263157894736842,0.4
2022-12-24,0.34444444444444444,0.5
2022-12-24,0.37635135135135134,0.6
2022-12-24,0.41394901394901396,0.7000000000000001
2022-12-24,0.46432062561094833,0.8
2022-12-24,0.5356797331109258,0.9
2022-12-31,0.2103225806451613,0.1
2022-12-31,0.22697947214076244,0.2
2022-12-31,0.24008714596949893,0.30000000000000004
2022-12-31,0.28253968253968254,0.4
2022-12-31,0.2903225806451613,0.5
2022-12-31,0.346938775510204,0.6
2022-12-31,0.42410714285714285,0.7000000000000001
2022-12-31,0.5095238095238097,0.8
2022-12-31,0.5689232753062541,0.9
2023-01-07,0.05714285714285719,0.1
2023-01-07,0.18333333333333335,0.2
2023-01-07,0.2545454545454546,0.30000000000000004
2023-01-07,0.3360000000000001,0.4
2023-01-07,0.3939393939393939,0.5
2023-01-07,0.41848739495798315,0.6
2023-01-07,0.44305555555555554,0.7000000000000001
2023-01-07,0.47209302325581404,0.8
2023-01-07,0.5244851258581236,0.9
2023-01-14,0.050000000000000044,0.1
2023-01-14,0.1641025641025641,0.2
2023-01-14,0.2571428571428572,0.30000000000000004
2023-01-14,0.33428571428571435,0.4
2023-01-14,0.39285714285714285,0.5
2023-01-14,0.4177777777777777,0.6
2023-01-14,0.4722807017543859,0.7000000000000001
2023-01-14,0.5076923076923078,0.8
2023-01-14,0.5885714285714285,0.9
2023-01-21,0.10444444444444445,0.1
2023-01-21,0.1866666666666667,0.2
2023-01-21,0.2555555555555556,0.30000000000000004
2023-01-21,0.32999999999999996,0.4
2023-01-21,0.42857142857142855,0.5
2023-01-21,0.48571428571428565,0.6
2023-01-21,0.5333333333333333,0.7000000000000001
2023-01-21,0.6,0.8
2023-01-21,0.6549707602339183,0.9
2023-01-28,0.13636363636363635,0.1
2023-01-28,0.21111111111111114,0.2
2023-01-28,0.2721568627450981,0.30000000000000004
2023-01-28,0.3145962732919255,0.4
2023-01-28,0.36363636363636365,0.5
2023-01-28,0.46875,0.6
2023-01-28,0.49714285714285716,0.7000000000000001
2023-01-28,0.5037037037037038,0.8
2023-01-28,0.6306818181818183,0.9
2023-02-04,0.07000000000000003,0.1
2023-02-04,0.21991341991341992,0.2
2023-02-04,0.3597883597883598,0.30000000000000004
2023-02-04,0.38461538461538464,0.4
2023-02-04,0.391304347826087,0.5
2023-02-04,0.4833333333333333,0.6
2023-02-04,0.5102564102564102,0.7000000000000001
2023-02-04,0.5185636031649422,0.8
2023-02-04,0.5713475177304965,0.9
2023-02-11,0.08898233809924311,0.1
2023-02-11,0.27,0.2
2023-02-11,0.2910384068278805,0.30000000000000004
2023-02-11,0.325,0.4
2023-02-11,0.39473684210526316,0.5
2023-02-11,0.4425,0.6
2023-02-11,0.4794805194805195,0.7000000000000001
2023-02-11,0.5433766233766234,0.8
2023-02-11,0.6254589963280294,0.9
2023-02-18,0.11000000000000001,0.1
2023-02-18,0.20571428571428574,0.2
2023-02-18,0.2808032128514057,0.30000000000000004
2023-02-18,0.3807486631016043,0.4
2023-02-18,0.42857142857142855,0.5
2023-02-18,0.5113207547169811,0.6
2023-02-18,0.5630252100840336,0.7000000000000001
2023-02-18,0.6024489795918367,0.8
2023-02-18,0.6256490952006295,0.9
2023-02-25,0.12153846153846157,0.1
2023-02-25,0.24761904761904763,0.2
2023-02-25,0.2952380952380953,0.30000000000000004
2023-02-25,0.35407969639468695,0.4
2023-02-25,0.4146341463414634,0.5
2023-02-25,0.520650406504065,0.6
2023-02-25,0.5556277056277056,0.7000000000000001
2023-02-25,0.6314465408805032,0.8
2023-02-25,0.680952380952381,0.9
2023-03-04,0.17930614729153987,0.1
2023-03-04,0.27988505747126435,0.2
2023-03-04,0.3271317829457364,0.30000000000000004
2023-03-04,0.3484276729559749,0.4
2023-03-04,0.45161290322580644,0.5
2023-03-04,0.5117647058823529,0.6
2023-03-04,0.541025641025641,0.7000000000000001
2023-03-04,0.6093023255813954,0.8
2023-03-04,0.7355400696864112,0.9
2023-03-11,0.1761384335154827,0.1
2023-03-11,0.21910447761194032,0.2
2023-03-11,0.2764976958525346,0.30000000000000004
2023-03-11,0.29689440993788824,0.4
2023-03-11,0.37209302325581395,0.5
2023-03-11,0.46101449275362305,0.6
2023-03-11,0.5546783625730994,0.7000000000000001
2023-03-11,0.6256410256410257,0.8
2023-03-11,0.6734011627906977,0.9
2023-03-18,0.2,0.1
2023-03-18,0.25703794369645044,0.2
2023-03-18,0.28152173913043477,0.30000000000000004
2023-03-18,0.35188940092165905,0.4
2023-03-18,0.4528301886792453,0.5
2023-03-18,0.5748484848484848,0.6
2023-03-18,0.6328205128205129,0.7000000000000001
2023-03-18,0.6507692307692308,0.8
2023-03-18,0.67600071161715,0.9
2023-03-25,0.175,0.1
2023-03-25,0.2,0.2
2023-03-25,0.3333333333333333,0.30000000000000004
2023-03-25,0.40449172576832154,0.4
2023-03-25,0.4523809523809524,0.5
2023-03-25,0.5,0.6
2023-03-25,0.5666666666666667,0.7000000000000001
2023-03-25,0.6196825396825397,0.8
2023-03-25,0.7121212121212122,0.9
2023-04-01,0.22736373748609567,0.1
2023-04-01,0.2882539682539682,0.2
2023-04-01,0.37807017543859656,0.30000000000000004
2023-04-01,0.4533724340175953,0.4
2023-04-01,0.5121951219512195,0.5
2023-04-01,0.6081012658227847,0.6
2023-04-01,0.6449197860962568,0.7000000000000001
2023-04-01,0.6733333333333335,0.8
2023-04-01,0.7200581395348837,0.9
2023-04-08,0.175,0.1
2023-04-08,0.2177777777777778,0.2
2023-04-08,0.3017429193899782,0.30000000000000004
2023-04-08,0.447962962962963,0.4
2023-04-08,0.5,0.5
2023-04-08,0.5816631130063965,0.6
2023-04-08,0.6555555555555556,0.7000000000000001
2023-04-08,0.7214285714285715,0.8
2023-04-08,0.8057142857142858,0.9
2023-04-15,0.11764705882352941,0.1
2023-04-15,0.2577777777777778,0.2
2023-04-15,0.3175824175824177,0.30000000000000004
2023-04-15,0.4674418604651164,0.4
2023-04-15,0.5217391304347826,0.5
2023-04-15,0.5916083916083916,0.6
2023-04-15,0.6788461538461539,0.7000000000000001
2023-04-15,0.7277777777777779,0.8
2023-04-15,0.7890909090909091,0.9
2023-04-22,0.16973684210526316,0.1
2023-04-22,0.24615384615384617,0.2
2023-04-22,0.3547008547008548,0.30000000000000004
2023-04-22,0.41000000000000003,0.4
2023-04-22,0.5,0.5
2023-04-22,0.6,0.6
2023-04-22,0.6955665024630543,0.7000000000000001
2023-04-22,0.736996336996337,0.8
2023-04-22,0.7754475703324808,0.9
2023-04-29,0.2090909090909091,0.1
2023-04-29,0.3044871794871795,0.2
2023-04-29,0.4,0.30000000000000004
2023-04-29,0.44272727272727275,0.4
2023-04-29,0.5,0.5
2023-04-29,0.5655913978494623,0.6
2023-04-29,0.6833333333333333,0.7000000000000001
2023-04-29,0.7455483870967742,0.8
2023-04-29,0.783554376657825,0.9
2023-05-06,0.14153846153846156,0.1
2023-05-06,0.3508417508417509,0.2
2023-05-06,0.46321974148061107,0.30000000000000004
2023-05-06,0.5508571428571429,0.4
2023-05-06,0.6153846153846154,0.5
2023-05-06,0.6666666666666666,0.6
2023-05-06,0.6807017543859649,0.7000000000000001
2023-05-06,0.7147058823529413,0.8
2023-05-06,0.7930434782608696,0.9
2023-05-13,0.14166666666666666,0.1
2023-05-13,0.16666666666666666,0.2
2023-05-13,0.3490196078431373,0.30000000000000004
2023-05-13,0.4380952380952381,0.4
2023-05-13,0.5,0.5
2023-05-13,0.5636363636363636,0.6
2023-05-13,0.6571428571428571,0.7000000000000001
2023-05-13,0.75,0.8
2023-05-13,0.8476923076923079,0.9
2023-05-20,0,0.1
2023-05-20,0.125,0.2
2023-05-20,0.3153846153846156,0.30000000000000004
2023-05-20,0.40235294117647064,0.4
2023-05-20,0.43333333333333335,0.5
2023-05-20,0.6,0.6
2023-05-20,0.7150793650793652,0.7000000000000001
2023-05-20,0.7331983805668016,0.8
2023-05-20,0.7957142857142858,0.9
2023-05-27,0.05333333333333338,0.1
2023-05-27,0.1619047619047619,0.2
2023-05-27,0.2571428571428572,0.30000000000000004
2023-05-27,0.3333333333333333,0.4
2023-05-27,0.3333333333333333,0.5
2023-05-27,0.4769230769230769,0.6
2023-05-27,0.5235294117647059,0.7000000000000001
2023-05-27,0.5834586466165415,0.8
2023-05-27,0.7160839160839163,0.9
2023-06-03,0.09454545454545454,0.1
2023-06-03,0.1392857142857143,0.2
2023-06-03,0.2505050505050507,0.30000000000000004
2023-06-03,0.375,0.4
2023-06-03,0.43478260869565216,0.5
2023-06-03,0.48,0.6
2023-06-03,0.6533333333333333,0.7000000000000001
2023-06-03,0.7571428571428572,0.8
2023-06-03,0.8866666666666667,0.9
2023-06-10,0.03750000000000003,0.1
2023-06-10,0.15714285714285714,0.2
2023-06-10,0.3933333333333335,0.30000000000000004
2023-06-10,0.4555555555555556,0.4
2023-06-10,0.5777777777777777,0.5
2023-06-10,0.6533333333333332,0.6
2023-06-10,0.6699999999999999,0.7000000000000001
2023-06-10,0.7714285714285718,0.8
2023-06-10,0.9666666666666666,0.9
2023-06-17,0,0.1
2023-06-17,0,0.2
2023-06-17,0,0.30000000000000004
2023-06-17,0,0.4
2023-06-17,0.2,0.5
2023-06-17,0.3333333333333333,0.6
2023-06-17,0.4,0.7000000000000001
2023-06-17,0.6833333333333336,0.8
2023-06-17,0.8020202020202021,0.9
2023-06-24,0,0.1
2023-06-24,0,0.2
2023-06-24,0,0.30000000000000004
2023-06-24,0,0.4
2023-06-24,0,0.5
2023-06-24,0,0.6
2023-06-24,0.16571428571428584,0.7000000000000001
2023-06-24,0.2300000000000001,0.8
2023-06-24,0.4666666666666668,0.9
2023-07-01,0,0.1
2023-07-01,0,0.2
2023-07-01,0,0.30000000000000004
2023-07-01,0,0.4
2023-07-01,0,0.5
2023-07-01,0,0.6
2023-07-01,0,0.7000000000000001
2023-07-01,0,0.8
2023-07-01,0,0.9
2023-07-08,0,0.1
2023-07-08,0,0.2
2023-07-08,0,0.30000000000000004
2023-07-08,0,0.4
2023-07-08,0,0.5
2023-07-08,0,0.6
2023-07-08,0,0.7000000000000001
2023-07-08,0,0.8
2023-07-08,0,0.9
2023-07-15,0,0.1
2023-07-15,0,0.2
2023-07-15,0,0.30000000000000004
2023-07-15,0,0.4
2023-07-15,0,0.5
2023-07-15,0,0.6
2023-07-15,0,0.7000000000000001
2023-07-15,0,0.8
2023-07-15,0,0.9
2023-07-22,0,0.1
2023-07-22,0,0.2
2023-07-22,0,0.30000000000000004
2023-07-22,0,0.4
2023-07-22,0,0.5
2023-07-22,0,0.6
2023-07-22,0,0.7000000000000001
2023-07-22,0,0.8
2023-07-22,0,0.9
2023-07-29,0,0.1
2023-07-29,0,0.2
2023-07-29,0,0.30000000000000004
2023-07-29,0,0.4
2023-07-29,0,0.5
2023-07-29,0,0.6
2023-07-29,0,0.7000000000000001
2023-07-29,0,0.8
2023-07-29,0,0.9
2023-08-05,0,0.1
2023-08-05,0,0.2
2023-08-05,0,0.30000000000000004
2023-08-05,0,0.4
2023-08-05,0,0.5
2023-08-05,0,0.6
2023-08-05,0,0.7000000000000001
2023-08-05,0,0.8
2023-08-05,0,0.9
2023-08-12,0,0.1
2023-08-12,0,0.2
2023-08-12,0,0.30000000000000004
2023-08-12,0,0.4
2023-08-12,0,0.5
2023-08-12,0,0.6
2023-08-12,0,0.7000000000000001
2023-08-12,0,0.8
2023-08-12,0,0.9
2023-08-19,0,0.1
2023-08-19,0,0.2
2023-08-19,0,0.30000000000000004
2023-08-19,0,0.4
2023-08-19,0,0.5
2023-08-19,0,0.6
2023-08-19,0,0.7000000000000001
2023-08-19,0,0.8
2023-08-19,0,0.9
2023-08-26,0,0.1
2023-08-26,0,0.2
2023-08-26,0,0.30000000000000004
2023-08-26,0,0.4
2023-08-26,0,0.5
2023-08-26,0,0.6
2023-08-26,0,0.7000000000000001
2023-08-26,0,0.8
2023-08-26,0,0.9
2023-09-02,0,0.1
2023-09-02,0,0.2
2023-09-02,0,0.30000000000000004
2023-09-02,0,0.4
2023-09-02,0,0.5
2023-09-02,0,0.6
2023-09-02,0,0.7000000000000001
2023-09-02,0,0.8
2023-09-02,0,0.9
2023-09-09,0,0.1
2023-09-09,0,0.2
2023-09-09,0,0.30000000000000004
2023-09-09,0,0.4
2023-09-09,0,0.5
2023-09-09,0,0.6
2023-09-09,0,0.7000000000000001
2023-09-09,0,0.8
2023-09-09,0,0.9
2023-09-16,0,0.1
2023-09-16,0,0.2
2023-09-16,0,0.30000000000000004
2023-09-16,0,0.4
2023-09-16,0,0.5
2023-09-16,0,0.6
2023-09-16,0,0.7000000000000001
2023-09-16,0,0.8
2023-09-16,0,0.9
2023-09-23,0,0.1
2023-09-23,0,0.2
2023-09-23,0,0.30000000000000004
2023-09-23,0,0.4
2023-09-23,0,0.5
2023-09-23,0,0.6
2023-09-23,0,0.7000000000000001
2023-09-23,0,0.8
2023-09-23,0,0.9
2023-09-30,0,0.1
2023-09-30,0,0.2
2023-09-30,0,0.30000000000000004
2023-09-30,0,0.4
2023-09-30,0,0.5
2023-09-30,0,0.6
2023-09-30,0,0.7000000000000001
2023-09-30,0,0.8
2023-09-30,0,0.9
2023-10-07,0,0.1
2023-10-07,0,0.2
2023-10-07,0,0.30000000000000004
2023-10-07,0,0.4
2023-10-07,0,0.5
2023-10-07,0,0.6
2023-10-07,0,0.7000000000000001
2023-10-07,0,0.8
2023-10-07,0,0.9
2023-10-14,0,0.1
2023-10-14,0,0.2
2023-10-14,0,0.30000000000000004
2023-10-14,0,0.4
2023-10-14,0,0.5
2023-10-14,0,0.6
2023-10-14,0,0.7000000000000001
2023-10-14,0,0.8
2023-10-14,0,0.9
2023-10-21,0,0.1
2023-10-21,0,0.2
2023-10-21,0,0.30000000000000004
2023-10-21,0,0.4
2023-10-21,0,0.5
2023-10-21,0,0.6
2023-10-21,0,0.7000000000000001
2023-10-21,0,0.8
2023-10-21,0,0.9
2023-10-28,0,0.1
2023-10-28,0,0.2
2023-10-28,0,0.30000000000000004
2023-10-28,0,0.4
2023-10-28,0,0.5
2023-10-28,0,0.6
2023-10-28,0,0.7000000000000001
2023-10-28,0,0.8
2023-10-28,0,0.9
2023-11-04,0,0.1
2023-11-04,0,0.2
2023-11-04,0,0.30000000000000004
2023-11-04,0,0.4
2023-11-04,0,0.5
2023-11-04,0,0.6
2023-11-04,0,0.7000000000000001
2023-11-04,0,0.8
2023-11-04,0,0.9
2023-11-11,0,0.1
2023-11-11,0,0.2
2023-11-11,0,0.30000000000000004
2023-11-11,0,0.4
2023-11-11,0,0.5
2023-11-11,0,0.6
2023-11-11,0,0.7000000000000001
2023-11-11,0,0.8
2023-11-11,0,0.9
2023-11-18,0,0.1
2023-11-18,0,0.2
2023-11-18,0,0.30000000000000004
2023-11-18,0,0.4
2023-11-18,0,0.5
2023-11-18,0,0.6
2023-11-18,0,0.7000000000000001
2023-11-18,0,0.8
2023-11-18,0,0.9
2023-11-25,0,0.1
2023-11-25,0,0.2
2023-11-25,0,0.30000000000000004
2023-11-25,0,0.4
2023-11-25,0,0.5
2023-11-25,0,0.6
2023-11-25,0,0.7000000000000001
2023-11-25,0,0.8
2023-11-25,0,0.9
2023-12-02,0,0.1
2023-12-02,0,0.2
2023-12-02,0,0.30000000000000004
2023-12-02,0,0.4
2023-12-02,0,0.5
2023-12-02,0,0.6
2023-12-02,0,0.7000000000000001
2023-12-02,0,0.8
2023-12-02,0,0.9
2023-12-09,0,0.1
2023-12-09,0,0.2
2023-12-09,0,0.30000000000000004
2023-12-09,0,0.4
2023-12-09,0,0.5
2023-12-09,0,0.6
2023-12-09,0,0.7000000000000001
2023-12-09,0,0.8
2023-12-09,0,0.9
2023-12-16,0,0.1
2023-12-16,0,0.2
2023-12-16,0,0.30000000000000004
2023-12-16,0,0.4
2023-12-16,0,0.5
2023-12-16,0,0.6
2023-12-16,0,0.7000000000000001
2023-12-16,0,0.8
2023-12-16,0,0.9
2023-12-23,0,0.1
2023-12-23,0,0.2
2023-12-23,0,0.30000000000000004
2023-12-23,0,0.4
2023-12-23,0,0.5
2023-12-23,0,0.6
2023-12-23,0,0.7000000000000001
2023-12-23,0,0.8
2023-12-23,0,0.9
2023-12-30,0,0.1
2023-12-30,0,0.2
2023-12-30,0,0.30000000000000004
2023-12-30,0,0.4
2023-12-30,0,0.5
2023-12-30,0,0.6
2023-12-30,0,0.7000000000000001
2023-12-30,0,0.8
2023-12-30,0,0.9
2024-01-06,0,0.1
2024-01-06,0,0.2
2024-01-06,0,0.30000000000000004
2024-01-06,0,0.4
2024-01-06,0,0.5
2024-01-06,0,0.6
2024-01-06,0,0.7000000000000001
2024-01-06,0,0.8
2024-01-06,0,0.9
2024-01-13,0,0.1
2024-01-13,0,0.2
2024-01-13,0,0.30000000000000004
2024-01-13,0,0.4
2024-01-13,0,0.5
2024-01-13,0,0.6
2024-01-13,0,0.7000000000000001
2024-01-13,0,0.8
2024-01-13,0,0.9
2024-01-20,0,0.1
2024-01-20,0,0.2
2024-01-20,0,0.30000000000000004
2024-01-20,0,0.4
2024-01-20,0,0.5
2024-01-20,0,0.6
2024-01-20,0,0.7000000000000001
2024-01-20,0,0.8
2024-01-20,0,0.9
2024-01-27,0,0.1
2024-01-27,0,0.2
2024-01-27,0,0.30000000000000004
2024-01-27,0,0.4
2024-01-27,0,0.5
2024-01-27,0,0.6
2024-01-27,0,0.7000000000000001
2024-01-27,0,0.8
2024-01-27,0,0.9
2024-02-03,0,0.1
2024-02-03,0,0.2
2024-02-03,0,0.30000000000000004
2024-02-03,0,0.4
2024-02-03,0,0.5
2024-02-03,0,0.6
2024-02-03,0,0.7000000000000001
2024-02-03,0,0.8
2024-02-03,0,0.9
2024-02-10,0,0.1
2024-02-10,0,0.2
2024-02-10,0,0.30000000000000004
2024-02-10,0,0.4
2024-02-10,0,0.5
2024-02-10,0,0.6
2024-02-10,0,0.7000000000000001
2024-02-10,0,0.8
2024-02-10,0,0.9
2024-02-17,0,0.1
2024-02-17,0,0.2
2024-02-17,0,0.30000000000000004
2024-02-17,0,0.4
2024-02-17,0,0.5
2024-02-17,0,0.6
2024-02-17,0,0.7000000000000001
2024-02-17,0,0.8
2024-02-17,0,0.9
2024-02-24,0,0.1
2024-02-24,0,0.2
2024-02-24,0,0.30000000000000004
2024-02-24,0,0.4
2024-02-24,0,0.5
2024-02-24,0,0.6
2024-02-24,0,0.7000000000000001
2024-02-24,0,0.8
2024-02-24,0,0.9
2024-03-02,0,0.1
2024-03-02,0,0.2
2024-03-02,0,0.30000000000000004
2024-03-02,0,0.4
2024-03-02,0,0.5
2024-03-02,0,0.6
2024-03-02,0,0.7000000000000001
2024-03-02,0,0.8
2024-03-02,0,0.9
2024-03-09,0,0.1
2024-03-09,0,0.2
2024-03-09,0,0.30000000000000004
2024-03-09,0,0.4
2024-03-09,0,0.5
2024-03-09,0,0.6
2024-03-09,0,0.7000000000000001
2024-03-09,0,0.8
2024-03-09,0,0.9
2024-03-16,0,0.1
2024-03-16,0,0.2
2024-03-16,0,0.30000000000000004
2024-03-16,0,0.4
2024-03-16,0,0.5
2024-03-16,0,0.6
2024-03-16,0,0.7000000000000001
2024-03-16,0,0.8
2024-03-16,0,0.9
2024-03-23,0,0.1
2024-03-23,0,0.2
2024-03-23,0,0.30000000000000004
2024-03-23,0,0.4
2024-03-23,0,0.5
2024-03-23,0,0.6
2024-03-23,0,0.7000000000000001
2024-03-23,0,0.8
2024-03-23,0,0.9
2024-03-30,0,0.1
2024-03-30,0,0.2
2024-03-30,0,0.30000000000000004
2024-03-30,0,0.4
2024-03-30,0,0.5
2024-03-30,0,0.6
2024-03-30,0,0.7000000000000001
2024-03-30,0,0.8
2024-03-30,0,0.9
2024-04-06,0,0.1
2024-04-06,0,0.2
2024-04-06,0,0.30000000000000004
2024-04-06,0,0.4
2024-04-06,0,0.5
2024-04-06,0,0.6
2024-04-06,0,0.7000000000000001
2024-04-06,0,0.8
2024-04-06,0,0.9
2024-04-13,0,0.1
2024-04-13,0,0.2
2024-04-13,0,0.30000000000000004
2024-04-13,0,0.4
2024-04-13,0,0.5
2024-04-13,0,0.6
2024-04-13,0,0.7000000000000001
2024-04-13,0,0.8
2024-04-13,0,0.9
2024-04-20,0,0.1
2024-04-20,0,0.2
2024-04-20,0,0.30000000000000004
2024-04-20,0,0.4
2024-04-20,0,0.5
2024-04-20,0,0.6
2024-04-20,0,0.7000000000000001
2024-04-20,0,0.8
2024-04-20,0,0.9
2024-04-27,0,0.1
2024-04-27,0,0.2
2024-04-27,0,0.30000000000000004
2024-04-27,0,0.4
2024-04-27,0,0.5
2024-04-27,0,0.6
2024-04-27,0,0.7000000000000001
2024-04-27,0,0.8
2024-04-27,0,0.9
