treatment_date,cum_count_redacted,treatment_type
2021-12-16,10,All
2021-12-17,50,All
2021-12-18,100,All
2021-12-19,130,All
2021-12-20,190,All
2021-12-21,260,All
2021-12-22,330,All
2021-12-23,420,All
2021-12-24,570,All
2021-12-25,600,All
2021-12-26,660,All
2021-12-27,740,All
2021-12-28,830,All
2021-12-29,970,All
2021-12-30,1120,All
2021-12-31,1370,All
2022-01-01,1460,All
2022-01-02,1580,All
2022-01-03,1710,All
2022-01-04,1870,All
2022-01-05,2020,All
2022-01-06,2180,All
2022-01-07,2350,All
2022-01-08,2470,All
2022-01-09,2530,All
2022-01-10,2660,All
2022-01-11,2770,All
2022-01-12,2880,All
2022-01-13,3020,All
2022-01-14,3130,All
2022-01-15,3200,All
2022-01-16,3260,All
2022-01-17,3350,All
2022-01-18,3440,All
2022-01-19,3540,All
2022-01-20,3650,All
2022-01-21,3780,All
2022-01-22,3880,All
2022-01-23,3940,All
2022-01-24,4040,All
2022-01-25,4140,All
2022-01-26,4270,All
2022-01-27,4380,All
2022-01-28,4490,All
2022-01-29,4600,All
2022-01-30,4650,All
2022-01-31,4800,All
2022-02-01,4900,All
2022-02-02,5020,All
2022-02-03,5150,All
2022-02-04,5300,All
2022-02-05,5390,All
2022-02-06,5450,All
2022-02-07,5550,All
2022-02-08,5640,All
2022-02-09,5750,All
2022-02-10,5840,All
2022-02-11,5940,All
2022-02-12,6020,All
2022-02-13,6070,All
2022-02-14,6160,All
2022-02-15,6260,All
2022-02-16,6370,All
2022-02-17,6500,All
2022-02-18,6650,All
2022-02-19,6720,All
2022-02-20,6760,All
2022-02-21,6880,All
2022-02-22,6990,All
2022-02-23,7100,All
2022-02-24,7190,All
2022-02-25,7310,All
2022-02-26,7380,All
2022-02-27,7410,All
2022-02-28,7510,All
2022-03-01,7620,All
2022-03-02,7740,All
2022-03-03,7840,All
2022-03-04,8000,All
2022-03-05,8080,All
2022-03-06,8150,All
2022-03-07,8300,All
2022-03-08,8470,All
2022-03-09,8650,All
2022-03-10,8860,All
2022-03-11,9110,All
2022-03-12,9270,All
2022-03-13,9380,All
2022-03-14,9590,All
2022-03-15,9810,All
2022-03-16,10070,All
2022-03-17,10300,All
2022-03-18,10600,All
2022-03-19,10750,All
2022-03-20,10870,All
2022-03-21,11130,All
2022-03-22,11420,All
2022-03-23,11690,All
2022-03-24,12030,All
2022-03-25,12340,All
2022-03-26,12510,All
2022-03-27,12640,All
2022-03-28,12960,All
2022-03-29,13240,All
2022-03-30,13530,All
2022-03-31,13820,All
2022-04-01,14130,All
2022-04-02,14320,All
2022-04-03,14430,All
2022-04-04,14690,All
2022-04-05,14980,All
2022-04-06,15240,All
2022-04-07,15490,All
2022-04-08,15790,All
2022-04-09,15950,All
2022-04-10,16070,All
2022-04-11,16330,All
2022-04-12,16600,All
2022-04-13,16860,All
2022-04-14,17090,All
2022-04-15,17280,All
2022-04-16,17390,All
2022-04-17,17480,All
2022-04-18,17630,All
2022-04-19,17840,All
2022-04-20,18000,All
2022-04-21,18160,All
2022-04-22,18310,All
2022-04-23,18390,All
2022-04-24,18450,All
2022-04-25,18580,All
2022-04-26,18680,All
2022-04-27,18770,All
2022-04-28,18840,All
2022-04-29,18950,All
2022-04-30,19010,All
2022-05-01,19040,All
2022-05-02,19100,All
2022-05-03,19180,All
2022-05-04,19250,All
2022-05-05,19330,All
2022-05-06,19430,All
2022-05-07,19470,All
2022-05-08,19500,All
2022-05-09,19590,All
2022-05-10,19650,All
2022-05-11,19700,All
2022-05-12,19770,All
2022-05-13,19830,All
2022-05-14,19860,All
2022-05-15,19890,All
2022-05-16,19940,All
2022-05-17,20000,All
2022-05-18,20060,All
2022-05-19,20100,All
2022-05-20,20160,All
2022-05-21,20190,All
2022-05-22,20210,All
2022-05-23,20270,All
2022-05-24,20320,All
2022-05-25,20370,All
2022-05-26,20420,All
2022-05-27,20470,All
2022-05-28,20490,All
2022-05-29,20510,All
2022-05-30,20580,All
2022-05-31,20620,All
2022-06-01,20680,All
2022-06-02,20720,All
2022-06-03,20760,All
2022-06-04,20800,All
2022-06-05,20840,All
2022-06-06,20900,All
2022-06-07,21000,All
2022-06-08,21110,All
2022-06-09,21220,All
2022-06-10,21340,All
2022-06-11,21410,All
2022-06-12,21450,All
2022-06-13,21540,All
2022-06-14,21670,All
2022-06-15,21790,All
2022-06-16,21920,All
2022-06-17,22070,All
2022-06-18,22180,All
2022-06-19,22240,All
2022-06-20,22360,All
2022-06-21,22480,All
2022-06-22,22650,All
2022-06-23,22800,All
2022-06-24,23000,All
2022-06-25,23110,All
2022-06-26,23190,All
2022-06-27,23370,All
2022-06-28,23550,All
2022-06-29,23770,All
2022-06-30,23980,All
2022-07-01,24200,All
2022-07-02,24370,All
2022-07-03,24480,All
2022-07-04,24740,All
2022-07-05,24980,All
2022-07-06,25250,All
2022-07-07,25500,All
2022-07-08,25780,All
2022-07-09,25970,All
2022-07-10,26100,All
2022-07-11,26310,All
2022-07-12,26560,All
2022-07-13,26780,All
2022-07-14,27000,All
2022-07-15,27240,All
2022-07-16,27380,All
2022-07-17,27440,All
2022-07-18,27650,All
2022-07-19,27810,All
2022-07-20,27950,All
2022-07-21,28090,All
2022-07-22,28240,All
2022-07-23,28330,All
2022-07-24,28380,All
2022-07-25,28510,All
2022-07-26,28640,All
2022-07-27,28760,All
2022-07-28,28870,All
2022-07-29,28980,All
2022-07-30,29030,All
2022-07-31,29070,All
2022-08-01,29180,All
2022-08-02,29300,All
2022-08-03,29380,All
2022-08-04,29470,All
2022-08-05,29570,All
2022-08-06,29620,All
2022-08-07,29660,All
2022-08-08,29760,All
2022-08-09,29840,All
2022-08-10,29910,All
2022-08-11,29980,All
2022-08-12,30070,All
2022-08-13,30100,All
2022-08-14,30130,All
2022-08-15,30200,All
2022-08-16,30270,All
2022-08-17,30340,All
2022-08-18,30400,All
2022-08-19,30480,All
2022-08-20,30500,All
2022-08-21,30520,All
2022-08-22,30580,All
2022-08-23,30630,All
2022-08-24,30680,All
2022-08-25,30720,All
2022-08-26,30790,All
2022-08-27,30820,All
2022-08-28,30850,All
2022-08-29,30880,All
2022-08-30,30930,All
2022-08-31,30990,All
2022-09-01,31060,All
2022-09-02,31120,All
2022-09-03,31150,All
2022-09-04,31180,All
2022-09-05,31250,All
2022-09-06,31300,All
2022-09-07,31380,All
2022-09-08,31440,All
2022-09-09,31510,All
2022-09-10,31540,All
2022-09-11,31550,All
2022-09-12,31630,All
2022-09-13,31690,All
2022-09-14,31760,All
2022-09-15,31830,All
2022-09-16,31900,All
2022-09-17,31940,All
2022-09-18,31980,All
2022-09-19,32040,All
2022-09-20,32110,All
2022-09-21,32210,All
2022-09-22,32330,All
2022-09-23,32440,All
2022-09-24,32490,All
2022-09-25,32530,All
2022-09-26,32660,All
2022-09-27,32780,All
2022-09-28,32900,All
2022-09-29,33020,All
2022-09-30,33160,All
2022-10-01,33220,All
2022-10-02,33280,All
2022-10-03,33430,All
2022-10-04,33590,All
2022-10-05,33750,All
2022-10-06,33870,All
2022-10-07,34040,All
2022-10-08,34120,All
2022-10-09,34200,All
2022-10-10,34360,All
2022-10-11,34460,All
2022-10-12,34600,All
2022-10-13,34700,All
2022-10-14,34830,All
2022-10-15,34920,All
2022-10-16,34960,All
2022-10-17,35090,All
2022-10-18,35170,All
2022-10-19,35300,All
2022-10-20,35420,All
2022-10-21,35510,All
2022-10-22,35550,All
2022-10-23,35590,All
2022-10-24,35690,All
2022-10-25,35770,All
2022-10-26,35850,All
2022-10-27,35920,All
2022-10-28,35980,All
2022-10-29,36040,All
2022-10-30,36060,All
2022-10-31,36130,All
2022-11-01,36190,All
2022-11-02,36240,All
2022-11-03,36290,All
2022-11-04,36360,All
2022-11-05,36390,All
2022-11-06,36400,All
2022-11-07,36450,All
2022-11-08,36500,All
2022-11-09,36530,All
2022-11-10,36560,All
2022-11-11,36610,All
2022-11-12,36630,All
2022-11-13,36650,All
2022-11-14,36700,All
2022-11-15,36730,All
2022-11-16,36770,All
2022-11-17,36810,All
2022-11-18,36850,All
2022-11-19,36880,All
2022-11-20,36900,All
2022-11-21,36960,All
2022-11-22,36990,All
2022-11-23,37040,All
2022-11-24,37080,All
2022-11-25,37130,All
2022-11-26,37150,All
2022-11-27,37180,All
2022-11-28,37240,All
2022-11-29,37310,All
2022-11-30,37360,All
2022-12-01,37420,All
2022-12-02,37460,All
2022-12-03,37490,All
2022-12-04,37510,All
2022-12-05,37580,All
2022-12-06,37640,All
2022-12-07,37720,All
2022-12-08,37790,All
2022-12-09,37850,All
2022-12-10,37890,All
2022-12-11,37920,All
2022-12-12,38000,All
2022-12-13,38070,All
2022-12-14,38170,All
2022-12-15,38260,All
2022-12-16,38380,All
2022-12-17,38430,All
2022-12-18,38480,All
2022-12-19,38610,All
2022-12-20,38750,All
2022-12-21,38860,All
2022-12-22,38980,All
2022-12-23,39120,All
2022-12-24,39220,All
2022-12-25,39230,All
2022-12-26,39310,All
2022-12-27,39380,All
2022-12-28,39480,All
2022-12-29,39600,All
2022-12-30,39720,All
2022-12-31,39810,All
2023-01-01,39840,All
2023-01-02,39920,All
2023-01-03,40010,All
2023-01-04,40090,All
2023-01-05,40170,All
2023-01-06,40220,All
2023-01-07,40250,All
2023-01-08,40280,All
2023-01-09,40320,All
2023-01-10,40360,All
2023-01-11,40390,All
2023-01-12,40420,All
2023-01-13,40440,All
2023-01-14,40460,All
2023-01-15,40470,All
2023-01-16,40500,All
2023-01-17,40530,All
2023-01-18,40540,All
2023-01-19,40580,All
2023-01-20,40600,All
2023-01-21,40620,All
2023-01-22,40630,All
2023-01-23,40660,All
2023-01-24,40690,All
2023-01-25,40740,All
2023-01-26,40770,All
2023-01-27,40810,All
2023-01-28,40830,All
2023-01-29,40850,All
2023-01-30,40900,All
2023-01-31,40950,All
2023-02-01,41000,All
2023-02-02,41050,All
2023-02-03,41090,All
2023-02-04,41130,All
2023-02-05,41150,All
2023-02-06,41200,All
2023-02-07,41240,All
2023-02-08,41280,All
2023-02-09,41350,All
2023-02-10,41420,All
2023-02-11,41460,All
2023-02-12,41490,All
2023-02-13,41540,All
2023-02-14,41600,All
2023-02-15,41680,All
2023-02-16,41750,All
2023-02-17,41820,All
2023-02-18,41860,All
2023-02-19,41900,All
2023-02-20,42000,All
2023-02-21,42070,All
2023-02-22,42130,All
2023-02-23,42190,All
2023-02-24,42250,All
2023-02-25,42300,All
2023-02-26,42320,All
2023-02-27,42400,All
2023-02-28,42460,All
2023-03-01,42520,All
2023-03-02,42600,All
2023-03-03,42680,All
2023-03-04,42720,All
2023-03-05,42750,All
2023-03-06,42860,All
2023-03-07,42950,All
2023-03-08,43040,All
2023-03-09,43120,All
2023-03-10,43200,All
2023-03-11,43260,All
2023-03-12,43300,All
2023-03-13,43410,All
2023-03-14,43520,All
2023-03-15,43610,All
2023-03-16,43700,All
2023-03-17,43790,All
2023-03-18,43860,All
2023-03-19,43900,All
2023-03-20,44000,All
2023-03-21,44090,All
2023-03-22,44210,All
2023-03-23,44310,All
2023-03-24,44430,All
2023-03-25,44490,All
2023-03-26,44530,All
2023-03-27,44620,All
2023-03-28,44700,All
2023-03-29,44790,All
2023-03-30,44850,All
2023-03-31,44930,All
2023-04-01,44980,All
2023-04-02,45020,All
2023-04-03,45100,All
2023-04-04,45160,All
2023-04-05,45220,All
2023-04-06,45290,All
2023-04-07,45330,All
2023-04-08,45370,All
2023-04-09,45400,All
2023-04-10,45450,All
2023-04-11,45500,All
2023-04-12,45550,All
2023-04-13,45620,All
2023-04-14,45680,All
2023-04-15,45710,All
2023-04-16,45740,All
2023-04-17,45790,All
2023-04-18,45840,All
2023-04-19,45880,All
2023-04-20,45940,All
2023-04-21,45990,All
2023-04-22,46010,All
2023-04-23,46030,All
2023-04-24,46070,All
2023-04-25,46110,All
2023-04-26,46150,All
2023-04-27,46180,All
2023-04-28,46240,All
2023-04-29,46260,All
2023-04-30,46290,All
2023-05-01,46330,All
2023-05-02,46390,All
2023-05-03,46450,All
2023-05-04,46510,All
2023-05-05,46560,All
2023-05-06,46610,All
2023-05-07,46630,All
2023-05-08,46660,All
2023-05-09,46730,All
2023-05-10,46770,All
2023-05-11,46810,All
2023-05-12,46840,All
2023-05-13,46860,All
2023-05-14,46870,All
2023-05-15,46900,All
2023-05-16,46930,All
2023-05-17,46960,All
2023-05-18,46990,All
2023-05-19,47030,All
2023-05-20,47050,All
2023-05-21,47060,All
2023-05-22,47090,All
2023-05-23,47120,All
2023-05-24,47150,All
2023-05-25,47180,All
2023-05-26,47210,All
2023-05-27,47230,All
2023-05-28,47240,All
2023-05-29,47250,All
2023-05-30,47270,All
2023-05-31,47290,All
2023-06-01,47310,All
2023-06-02,47340,All
2023-06-03,47350,All
2023-06-04,47360,All
2023-06-05,47390,All
2023-06-06,47410,All
2023-06-07,47430,All
2023-06-08,47470,All
2023-06-09,47480,All
2023-06-10,47500,All
2023-06-11,47500,All
2023-06-12,47520,All
2023-06-13,47540,All
2023-06-14,47560,All
2023-06-15,47570,All
2023-06-16,47580,All
2023-06-17,47590,All
2023-06-18,47590,All
2023-06-19,47600,All
2023-06-20,47600,All
2023-06-21,47620,All
2023-06-22,47630,All
2023-06-23,47640,All
2023-06-24,47640,All
2023-06-25,47640,All
2023-06-26,47650,All
2023-06-27,47650,All
2023-06-28,47650,All
2023-06-29,47650,All
2023-06-30,47650,All
2023-07-01,47660,All
2023-07-02,47660,All
2023-07-03,47660,All
2023-07-04,47660,All
2023-07-05,47660,All
2023-07-06,47660,All
2023-07-07,47660,All
2023-07-08,47660,All
2023-07-09,47660,All
2023-07-10,47660,All
2023-07-11,47660,All
2023-07-12,47660,All
2023-07-13,47660,All
2023-07-14,47660,All
2023-07-15,47660,All
2023-07-16,47660,All
2023-07-17,47660,All
2023-07-18,47660,All
2023-07-19,47660,All
2023-07-20,47660,All
2023-07-21,47660,All
2023-07-22,47660,All
2023-07-23,47660,All
2023-07-24,47660,All
2023-07-25,47660,All
2023-07-26,47660,All
2023-07-27,47660,All
2023-07-28,47660,All
2023-07-29,47660,All
2023-07-30,47660,All
2023-07-31,47660,All
2023-08-01,47660,All
2023-08-02,47660,All
2023-08-03,47660,All
2023-08-04,47660,All
2023-08-05,47660,All
2023-08-06,47660,All
2023-08-07,47660,All
2023-08-08,47660,All
2023-08-09,47660,All
2023-08-10,47660,All
2023-08-11,47660,All
2023-08-12,47660,All
2023-08-13,47660,All
2023-08-14,47660,All
2023-08-15,47660,All
2023-08-16,47660,All
2023-08-17,47660,All
2023-08-18,47660,All
2023-08-19,47660,All
2023-08-20,47660,All
2023-08-21,47660,All
2023-08-22,47660,All
2023-08-23,47660,All
2023-08-24,47660,All
2023-08-25,47660,All
2023-08-26,47660,All
2023-08-27,47660,All
2023-08-28,47660,All
2023-08-29,47660,All
2023-08-30,47660,All
2023-08-31,47660,All
2023-09-01,47660,All
2023-09-02,47660,All
2023-09-03,47660,All
2023-09-04,47660,All
2023-09-05,47660,All
2023-09-06,47660,All
2023-09-07,47660,All
2023-09-08,47660,All
2023-09-09,47660,All
2023-09-10,47660,All
2023-09-11,47660,All
2023-09-12,47660,All
2023-09-13,47660,All
2023-09-14,47660,All
2023-09-15,47660,All
2023-09-16,47660,All
2023-09-17,47660,All
2023-09-18,47660,All
2023-09-19,47660,All
2023-09-20,47660,All
2023-09-21,47660,All
2023-09-22,47660,All
2023-09-23,47660,All
2023-09-24,47660,All
2023-09-25,47660,All
2023-09-26,47660,All
2023-09-27,47660,All
2023-09-28,47660,All
2023-09-29,47660,All
2023-09-30,47660,All
2023-10-01,47660,All
2023-10-02,47660,All
2023-10-03,47660,All
2023-10-04,47660,All
2023-10-05,47660,All
2023-10-06,47660,All
2023-10-07,47660,All
2023-10-08,47660,All
2023-10-09,47660,All
2023-10-10,47660,All
2023-10-11,47660,All
2023-10-12,47660,All
2023-10-13,47660,All
2023-10-14,47660,All
2023-10-15,47660,All
2023-10-16,47660,All
2023-10-17,47660,All
2023-10-18,47660,All
2023-10-19,47660,All
2023-10-20,47660,All
2023-10-21,47660,All
2023-10-22,47660,All
2023-10-23,47660,All
2023-10-24,47660,All
2023-10-25,47660,All
2023-10-26,47660,All
2023-10-27,47660,All
2023-10-28,47660,All
2023-10-29,47660,All
2023-10-30,47660,All
2023-10-31,47660,All
2023-11-01,47660,All
2023-11-02,47660,All
2023-11-03,47660,All
2023-11-04,47660,All
2023-11-05,47660,All
2023-11-06,47660,All
2023-11-07,47660,All
2023-11-08,47660,All
2023-11-09,47660,All
2023-11-10,47660,All
2023-11-11,47660,All
2023-11-12,47660,All
2023-11-13,47660,All
2023-11-14,47660,All
2023-11-15,47660,All
2023-11-16,47660,All
2023-11-17,47660,All
2023-11-18,47660,All
2023-11-19,47660,All
2023-11-20,47660,All
2023-11-21,47660,All
2023-11-22,47660,All
2023-11-23,47660,All
2023-11-24,47660,All
2023-11-25,47660,All
2023-11-26,47660,All
2023-11-27,47660,All
2023-11-28,47660,All
2023-11-29,47660,All
2023-11-30,47660,All
2023-12-01,47660,All
2023-12-02,47660,All
2023-12-03,47660,All
2023-12-04,47660,All
2023-12-05,47660,All
2023-12-06,47660,All
2023-12-07,47660,All
2023-12-08,47660,All
2023-12-09,47660,All
2023-12-10,47660,All
2023-12-11,47660,All
2023-12-12,47660,All
2023-12-13,47660,All
2023-12-14,47660,All
2023-12-15,47660,All
2023-12-16,47660,All
2023-12-17,47660,All
2023-12-18,47660,All
2023-12-19,47660,All
2023-12-20,47660,All
2023-12-21,47660,All
2023-12-22,47660,All
2023-12-23,47660,All
2023-12-24,47660,All
2023-12-25,47660,All
2023-12-26,47660,All
2023-12-27,47660,All
2023-12-28,47660,All
2023-12-29,47660,All
2023-12-30,47660,All
2023-12-31,47660,All
2021-12-16,NA,Casirivimab
2021-12-17,10,Casirivimab
2021-12-18,30,Casirivimab
2021-12-19,30,Casirivimab
2021-12-20,40,Casirivimab
2021-12-21,40,Casirivimab
2021-12-22,40,Casirivimab
2021-12-23,40,Casirivimab
2021-12-24,40,Casirivimab
2021-12-25,50,Casirivimab
2021-12-26,50,Casirivimab
2021-12-27,50,Casirivimab
2021-12-28,50,Casirivimab
2021-12-29,50,Casirivimab
2021-12-16,10,Molnupiravir
2021-12-17,40,Molnupiravir
2021-12-18,70,Molnupiravir
2021-12-19,100,Molnupiravir
2021-12-20,140,Molnupiravir
2021-12-21,180,Molnupiravir
2021-12-22,220,Molnupiravir
2021-12-23,280,Molnupiravir
2021-12-24,370,Molnupiravir
2021-12-25,380,Molnupiravir
2021-12-26,420,Molnupiravir
2021-12-27,470,Molnupiravir
2021-12-28,510,Molnupiravir
2021-12-29,600,Molnupiravir
2021-12-30,670,Molnupiravir
2021-12-31,820,Molnupiravir
2022-01-01,880,Molnupiravir
2022-01-02,940,Molnupiravir
2022-01-03,1010,Molnupiravir
2022-01-04,1070,Molnupiravir
2022-01-05,1140,Molnupiravir
2022-01-06,1220,Molnupiravir
2022-01-07,1300,Molnupiravir
2022-01-08,1370,Molnupiravir
2022-01-09,1390,Molnupiravir
2022-01-10,1450,Molnupiravir
2022-01-11,1500,Molnupiravir
2022-01-12,1550,Molnupiravir
2022-01-13,1600,Molnupiravir
2022-01-14,1640,Molnupiravir
2022-01-15,1660,Molnupiravir
2022-01-16,1700,Molnupiravir
2022-01-17,1740,Molnupiravir
2022-01-18,1770,Molnupiravir
2022-01-19,1810,Molnupiravir
2022-01-20,1850,Molnupiravir
2022-01-21,1910,Molnupiravir
2022-01-22,1940,Molnupiravir
2022-01-23,1950,Molnupiravir
2022-01-24,2000,Molnupiravir
2022-01-25,2030,Molnupiravir
2022-01-26,2070,Molnupiravir
2022-01-27,2110,Molnupiravir
2022-01-28,2150,Molnupiravir
2022-01-29,2190,Molnupiravir
2022-01-30,2210,Molnupiravir
2022-01-31,2270,Molnupiravir
2022-02-01,2300,Molnupiravir
2022-02-02,2340,Molnupiravir
2022-02-03,2380,Molnupiravir
2022-02-04,2420,Molnupiravir
2022-02-05,2460,Molnupiravir
2022-02-06,2470,Molnupiravir
2022-02-07,2500,Molnupiravir
2022-02-08,2520,Molnupiravir
2022-02-09,2540,Molnupiravir
2022-02-10,2560,Molnupiravir
2022-02-11,2570,Molnupiravir
2022-02-12,2590,Molnupiravir
2022-02-13,2600,Molnupiravir
2022-02-14,2610,Molnupiravir
2022-02-15,2620,Molnupiravir
2022-02-16,2640,Molnupiravir
2022-02-17,2660,Molnupiravir
2022-02-18,2680,Molnupiravir
2022-02-19,2700,Molnupiravir
2022-02-20,2700,Molnupiravir
2022-02-21,2710,Molnupiravir
2022-02-22,2730,Molnupiravir
2022-02-23,2740,Molnupiravir
2022-02-24,2750,Molnupiravir
2022-02-25,2760,Molnupiravir
2022-02-26,2760,Molnupiravir
2022-02-27,2770,Molnupiravir
2022-02-28,2780,Molnupiravir
2022-03-01,2800,Molnupiravir
2022-03-02,2810,Molnupiravir
2022-03-03,2830,Molnupiravir
2022-03-04,2860,Molnupiravir
2022-03-05,2880,Molnupiravir
2022-03-06,2890,Molnupiravir
2022-03-07,2900,Molnupiravir
2022-03-08,2920,Molnupiravir
2022-03-09,2940,Molnupiravir
2022-03-10,2970,Molnupiravir
2022-03-11,3000,Molnupiravir
2022-03-12,3040,Molnupiravir
2022-03-13,3050,Molnupiravir
2022-03-14,3080,Molnupiravir
2022-03-15,3110,Molnupiravir
2022-03-16,3150,Molnupiravir
2022-03-17,3180,Molnupiravir
2022-03-18,3240,Molnupiravir
2022-03-19,3270,Molnupiravir
2022-03-20,3300,Molnupiravir
2022-03-21,3330,Molnupiravir
2022-03-22,3370,Molnupiravir
2022-03-23,3410,Molnupiravir
2022-03-24,3460,Molnupiravir
2022-03-25,3530,Molnupiravir
2022-03-26,3560,Molnupiravir
2022-03-27,3580,Molnupiravir
2022-03-28,3620,Molnupiravir
2022-03-29,3650,Molnupiravir
2022-03-30,3700,Molnupiravir
2022-03-31,3760,Molnupiravir
2022-04-01,3810,Molnupiravir
2022-04-02,3830,Molnupiravir
2022-04-03,3850,Molnupiravir
2022-04-04,3890,Molnupiravir
2022-04-05,3940,Molnupiravir
2022-04-06,3980,Molnupiravir
2022-04-07,4010,Molnupiravir
2022-04-08,4060,Molnupiravir
2022-04-09,4090,Molnupiravir
2022-04-10,4120,Molnupiravir
2022-04-11,4160,Molnupiravir
2022-04-12,4200,Molnupiravir
2022-04-13,4250,Molnupiravir
2022-04-14,4290,Molnupiravir
2022-04-15,4330,Molnupiravir
2022-04-16,4350,Molnupiravir
2022-04-17,4360,Molnupiravir
2022-04-18,4380,Molnupiravir
2022-04-19,4410,Molnupiravir
2022-04-20,4440,Molnupiravir
2022-04-21,4470,Molnupiravir
2022-04-22,4490,Molnupiravir
2022-04-23,4500,Molnupiravir
2022-04-24,4510,Molnupiravir
2022-04-25,4520,Molnupiravir
2022-04-26,4530,Molnupiravir
2022-04-27,4540,Molnupiravir
2022-04-28,4550,Molnupiravir
2022-04-29,4570,Molnupiravir
2022-04-30,4580,Molnupiravir
2022-05-01,4590,Molnupiravir
2022-05-02,4590,Molnupiravir
2022-05-03,4590,Molnupiravir
2022-05-04,4600,Molnupiravir
2022-05-05,4610,Molnupiravir
2022-05-06,4620,Molnupiravir
2022-05-07,4630,Molnupiravir
2022-05-08,4640,Molnupiravir
2022-05-09,4640,Molnupiravir
2022-05-10,4650,Molnupiravir
2022-05-11,4660,Molnupiravir
2022-05-12,4660,Molnupiravir
2022-05-13,4670,Molnupiravir
2022-05-14,4670,Molnupiravir
2022-05-15,4680,Molnupiravir
2022-05-16,4680,Molnupiravir
2022-05-17,4690,Molnupiravir
2022-05-18,4690,Molnupiravir
2022-05-19,4700,Molnupiravir
2022-05-20,4700,Molnupiravir
2022-05-21,4710,Molnupiravir
2022-05-22,4710,Molnupiravir
2022-05-23,4710,Molnupiravir
2022-05-24,4720,Molnupiravir
2022-05-25,4720,Molnupiravir
2022-05-26,4720,Molnupiravir
2022-05-27,4730,Molnupiravir
2022-05-28,4730,Molnupiravir
2022-05-29,4730,Molnupiravir
2022-05-30,4740,Molnupiravir
2022-05-31,4740,Molnupiravir
2022-06-01,4750,Molnupiravir
2022-06-02,4760,Molnupiravir
2022-06-03,4770,Molnupiravir
2022-06-04,4770,Molnupiravir
2022-06-05,4780,Molnupiravir
2022-06-06,4780,Molnupiravir
2022-06-07,4800,Molnupiravir
2022-06-08,4810,Molnupiravir
2022-06-09,4820,Molnupiravir
2022-06-10,4840,Molnupiravir
2022-06-11,4860,Molnupiravir
2022-06-12,4860,Molnupiravir
2022-06-13,4880,Molnupiravir
2022-06-14,4900,Molnupiravir
2022-06-15,4920,Molnupiravir
2022-06-16,4950,Molnupiravir
2022-06-17,4970,Molnupiravir
2022-06-18,4990,Molnupiravir
2022-06-19,5000,Molnupiravir
2022-06-20,5010,Molnupiravir
2022-06-21,5030,Molnupiravir
2022-06-22,5050,Molnupiravir
2022-06-23,5060,Molnupiravir
2022-06-24,5090,Molnupiravir
2022-06-25,5100,Molnupiravir
2022-06-26,5120,Molnupiravir
2022-06-27,5140,Molnupiravir
2022-06-28,5170,Molnupiravir
2022-06-29,5200,Molnupiravir
2022-06-30,5220,Molnupiravir
2022-07-01,5260,Molnupiravir
2022-07-02,5290,Molnupiravir
2022-07-03,5320,Molnupiravir
2022-07-04,5350,Molnupiravir
2022-07-05,5380,Molnupiravir
2022-07-06,5420,Molnupiravir
2022-07-07,5450,Molnupiravir
2022-07-08,5510,Molnupiravir
2022-07-09,5540,Molnupiravir
2022-07-10,5560,Molnupiravir
2022-07-11,5590,Molnupiravir
2022-07-12,5630,Molnupiravir
2022-07-13,5670,Molnupiravir
2022-07-14,5700,Molnupiravir
2022-07-15,5730,Molnupiravir
2022-07-16,5760,Molnupiravir
2022-07-17,5770,Molnupiravir
2022-07-18,5810,Molnupiravir
2022-07-19,5830,Molnupiravir
2022-07-20,5850,Molnupiravir
2022-07-21,5870,Molnupiravir
2022-07-22,5890,Molnupiravir
2022-07-23,5900,Molnupiravir
2022-07-24,5900,Molnupiravir
2022-07-25,5930,Molnupiravir
2022-07-26,5950,Molnupiravir
2022-07-27,5960,Molnupiravir
2022-07-28,5980,Molnupiravir
2022-07-29,6000,Molnupiravir
2022-07-30,6000,Molnupiravir
2022-07-31,6010,Molnupiravir
2022-08-01,6030,Molnupiravir
2022-08-02,6040,Molnupiravir
2022-08-03,6050,Molnupiravir
2022-08-04,6060,Molnupiravir
2022-08-05,6070,Molnupiravir
2022-08-06,6080,Molnupiravir
2022-08-07,6080,Molnupiravir
2022-08-08,6100,Molnupiravir
2022-08-09,6110,Molnupiravir
2022-08-10,6120,Molnupiravir
2022-08-11,6120,Molnupiravir
2022-08-12,6140,Molnupiravir
2022-08-13,6140,Molnupiravir
2022-08-14,6140,Molnupiravir
2022-08-15,6150,Molnupiravir
2022-08-16,6160,Molnupiravir
2022-08-17,6180,Molnupiravir
2022-08-18,6180,Molnupiravir
2022-08-19,6200,Molnupiravir
2022-08-20,6200,Molnupiravir
2022-08-21,6200,Molnupiravir
2022-08-22,6210,Molnupiravir
2022-08-23,6220,Molnupiravir
2022-08-24,6220,Molnupiravir
2022-08-25,6230,Molnupiravir
2022-08-26,6240,Molnupiravir
2022-08-27,6240,Molnupiravir
2022-08-28,6250,Molnupiravir
2022-08-29,6260,Molnupiravir
2022-08-30,6260,Molnupiravir
2022-08-31,6280,Molnupiravir
2022-09-01,6290,Molnupiravir
2022-09-02,6300,Molnupiravir
2022-09-03,6300,Molnupiravir
2022-09-04,6300,Molnupiravir
2022-09-05,6310,Molnupiravir
2022-09-06,6320,Molnupiravir
2022-09-07,6340,Molnupiravir
2022-09-08,6350,Molnupiravir
2022-09-09,6350,Molnupiravir
2022-09-10,6360,Molnupiravir
2022-09-11,6360,Molnupiravir
2022-09-12,6380,Molnupiravir
2022-09-13,6380,Molnupiravir
2022-09-14,6390,Molnupiravir
2022-09-15,6390,Molnupiravir
2022-09-16,6400,Molnupiravir
2022-09-17,6410,Molnupiravir
2022-09-18,6420,Molnupiravir
2022-09-19,6420,Molnupiravir
2022-09-20,6430,Molnupiravir
2022-09-21,6460,Molnupiravir
2022-09-22,6480,Molnupiravir
2022-09-23,6510,Molnupiravir
2022-09-24,6520,Molnupiravir
2022-09-25,6530,Molnupiravir
2022-09-26,6550,Molnupiravir
2022-09-27,6580,Molnupiravir
2022-09-28,6610,Molnupiravir
2022-09-29,6630,Molnupiravir
2022-09-30,6670,Molnupiravir
2022-10-01,6680,Molnupiravir
2022-10-02,6700,Molnupiravir
2022-10-03,6740,Molnupiravir
2022-10-04,6760,Molnupiravir
2022-10-05,6800,Molnupiravir
2022-10-06,6830,Molnupiravir
2022-10-07,6870,Molnupiravir
2022-10-08,6890,Molnupiravir
2022-10-09,6910,Molnupiravir
2022-10-10,6940,Molnupiravir
2022-10-11,6960,Molnupiravir
2022-10-12,7000,Molnupiravir
2022-10-13,7020,Molnupiravir
2022-10-14,7060,Molnupiravir
2022-10-15,7080,Molnupiravir
2022-10-16,7100,Molnupiravir
2022-10-17,7120,Molnupiravir
2022-10-18,7140,Molnupiravir
2022-10-19,7170,Molnupiravir
2022-10-20,7180,Molnupiravir
2022-10-21,7200,Molnupiravir
2022-10-22,7210,Molnupiravir
2022-10-23,7220,Molnupiravir
2022-10-24,7240,Molnupiravir
2022-10-25,7260,Molnupiravir
2022-10-26,7280,Molnupiravir
2022-10-27,7300,Molnupiravir
2022-10-28,7320,Molnupiravir
2022-10-29,7330,Molnupiravir
2022-10-30,7340,Molnupiravir
2022-10-31,7360,Molnupiravir
2022-11-01,7360,Molnupiravir
2022-11-02,7370,Molnupiravir
2022-11-03,7380,Molnupiravir
2022-11-04,7390,Molnupiravir
2022-11-05,7400,Molnupiravir
2022-11-06,7400,Molnupiravir
2022-11-07,7410,Molnupiravir
2022-11-08,7430,Molnupiravir
2022-11-09,7440,Molnupiravir
2022-11-10,7440,Molnupiravir
2022-11-11,7450,Molnupiravir
2022-11-12,7460,Molnupiravir
2022-11-13,7460,Molnupiravir
2022-11-14,7470,Molnupiravir
2022-11-15,7480,Molnupiravir
2022-11-16,7490,Molnupiravir
2022-11-17,7490,Molnupiravir
2022-11-18,7500,Molnupiravir
2022-11-19,7510,Molnupiravir
2022-11-20,7520,Molnupiravir
2022-11-21,7530,Molnupiravir
2022-11-22,7540,Molnupiravir
2022-11-23,7550,Molnupiravir
2022-11-24,7570,Molnupiravir
2022-11-25,7580,Molnupiravir
2022-11-26,7580,Molnupiravir
2022-11-27,7590,Molnupiravir
2022-11-28,7610,Molnupiravir
2022-11-29,7630,Molnupiravir
2022-11-30,7640,Molnupiravir
2022-12-01,7660,Molnupiravir
2022-12-02,7680,Molnupiravir
2022-12-03,7690,Molnupiravir
2022-12-04,7700,Molnupiravir
2022-12-05,7720,Molnupiravir
2022-12-06,7740,Molnupiravir
2022-12-07,7770,Molnupiravir
2022-12-08,7790,Molnupiravir
2022-12-09,7820,Molnupiravir
2022-12-10,7840,Molnupiravir
2022-12-11,7850,Molnupiravir
2022-12-12,7880,Molnupiravir
2022-12-13,7910,Molnupiravir
2022-12-14,7940,Molnupiravir
2022-12-15,7980,Molnupiravir
2022-12-16,8030,Molnupiravir
2022-12-17,8040,Molnupiravir
2022-12-18,8060,Molnupiravir
2022-12-19,8110,Molnupiravir
2022-12-20,8150,Molnupiravir
2022-12-21,8190,Molnupiravir
2022-12-22,8230,Molnupiravir
2022-12-23,8290,Molnupiravir
2022-12-24,8320,Molnupiravir
2022-12-25,8330,Molnupiravir
2022-12-26,8360,Molnupiravir
2022-12-27,8390,Molnupiravir
2022-12-28,8430,Molnupiravir
2022-12-29,8470,Molnupiravir
2022-12-30,8520,Molnupiravir
2022-12-31,8560,Molnupiravir
2023-01-01,8580,Molnupiravir
2023-01-02,8600,Molnupiravir
2023-01-03,8640,Molnupiravir
2023-01-04,8670,Molnupiravir
2023-01-05,8700,Molnupiravir
2023-01-06,8720,Molnupiravir
2023-01-07,8740,Molnupiravir
2023-01-08,8750,Molnupiravir
2023-01-09,8770,Molnupiravir
2023-01-10,8780,Molnupiravir
2023-01-11,8800,Molnupiravir
2023-01-12,8810,Molnupiravir
2023-01-13,8820,Molnupiravir
2023-01-14,8830,Molnupiravir
2023-01-15,8830,Molnupiravir
2023-01-16,8840,Molnupiravir
2023-01-17,8850,Molnupiravir
2023-01-18,8860,Molnupiravir
2023-01-19,8870,Molnupiravir
2023-01-20,8880,Molnupiravir
2023-01-21,8880,Molnupiravir
2023-01-22,8890,Molnupiravir
2023-01-23,8900,Molnupiravir
2023-01-24,8920,Molnupiravir
2023-01-25,8940,Molnupiravir
2023-01-26,8960,Molnupiravir
2023-01-27,8970,Molnupiravir
2023-01-28,8980,Molnupiravir
2023-01-29,8980,Molnupiravir
2023-01-30,9000,Molnupiravir
2023-01-31,9020,Molnupiravir
2023-02-01,9040,Molnupiravir
2023-02-02,9060,Molnupiravir
2023-02-03,9080,Molnupiravir
2023-02-04,9090,Molnupiravir
2023-02-05,9100,Molnupiravir
2023-02-06,9120,Molnupiravir
2023-02-07,9140,Molnupiravir
2023-02-08,9150,Molnupiravir
2023-02-09,9180,Molnupiravir
2023-02-10,9210,Molnupiravir
2023-02-11,9220,Molnupiravir
2023-02-12,9230,Molnupiravir
2023-02-13,9240,Molnupiravir
2023-02-14,9260,Molnupiravir
2023-02-15,9280,Molnupiravir
2023-02-16,9310,Molnupiravir
2023-02-17,9340,Molnupiravir
2023-02-18,9350,Molnupiravir
2023-02-19,9370,Molnupiravir
2023-02-20,9410,Molnupiravir
2023-02-21,9430,Molnupiravir
2023-02-22,9440,Molnupiravir
2023-02-23,9460,Molnupiravir
2023-02-24,9480,Molnupiravir
2023-02-25,9500,Molnupiravir
2023-02-26,9500,Molnupiravir
2023-02-27,9530,Molnupiravir
2023-02-28,9550,Molnupiravir
2023-03-01,9570,Molnupiravir
2023-03-02,9590,Molnupiravir
2023-03-03,9620,Molnupiravir
2023-03-04,9640,Molnupiravir
2023-03-05,9650,Molnupiravir
2023-03-06,9680,Molnupiravir
2023-03-07,9720,Molnupiravir
2023-03-08,9750,Molnupiravir
2023-03-09,9780,Molnupiravir
2023-03-10,9810,Molnupiravir
2023-03-11,9830,Molnupiravir
2023-03-12,9850,Molnupiravir
2023-03-13,9880,Molnupiravir
2023-03-14,9920,Molnupiravir
2023-03-15,9950,Molnupiravir
2023-03-16,9990,Molnupiravir
2023-03-17,10030,Molnupiravir
2023-03-18,10050,Molnupiravir
2023-03-19,10060,Molnupiravir
2023-03-20,10090,Molnupiravir
2023-03-21,10120,Molnupiravir
2023-03-22,10160,Molnupiravir
2023-03-23,10200,Molnupiravir
2023-03-24,10240,Molnupiravir
2023-03-25,10260,Molnupiravir
2023-03-26,10270,Molnupiravir
2023-03-27,10310,Molnupiravir
2023-03-28,10330,Molnupiravir
2023-03-29,10360,Molnupiravir
2023-03-30,10380,Molnupiravir
2023-03-31,10400,Molnupiravir
2023-04-01,10420,Molnupiravir
2023-04-02,10430,Molnupiravir
2023-04-03,10460,Molnupiravir
2023-04-04,10470,Molnupiravir
2023-04-05,10490,Molnupiravir
2023-04-06,10510,Molnupiravir
2023-04-07,10520,Molnupiravir
2023-04-08,10530,Molnupiravir
2023-04-09,10540,Molnupiravir
2023-04-10,10560,Molnupiravir
2023-04-11,10570,Molnupiravir
2023-04-12,10590,Molnupiravir
2023-04-13,10600,Molnupiravir
2023-04-14,10620,Molnupiravir
2023-04-15,10630,Molnupiravir
2023-04-16,10640,Molnupiravir
2023-04-17,10660,Molnupiravir
2023-04-18,10670,Molnupiravir
2023-04-19,10680,Molnupiravir
2023-04-20,10710,Molnupiravir
2023-04-21,10720,Molnupiravir
2023-04-22,10730,Molnupiravir
2023-04-23,10730,Molnupiravir
2023-04-24,10740,Molnupiravir
2023-04-25,10750,Molnupiravir
2023-04-26,10760,Molnupiravir
2023-04-27,10770,Molnupiravir
2023-04-28,10790,Molnupiravir
2023-04-29,10800,Molnupiravir
2023-04-30,10800,Molnupiravir
2023-05-01,10810,Molnupiravir
2023-05-02,10820,Molnupiravir
2023-05-03,10840,Molnupiravir
2023-05-04,10860,Molnupiravir
2023-05-05,10870,Molnupiravir
2023-05-06,10880,Molnupiravir
2023-05-07,10900,Molnupiravir
2023-05-08,10900,Molnupiravir
2023-05-09,10920,Molnupiravir
2023-05-10,10930,Molnupiravir
2023-05-11,10940,Molnupiravir
2023-05-12,10940,Molnupiravir
2023-05-13,10950,Molnupiravir
2023-05-14,10950,Molnupiravir
2023-05-15,10960,Molnupiravir
2023-05-16,10960,Molnupiravir
2023-05-17,10970,Molnupiravir
2023-05-18,10980,Molnupiravir
2023-05-19,10990,Molnupiravir
2023-05-20,11000,Molnupiravir
2023-05-21,11000,Molnupiravir
2023-05-22,11010,Molnupiravir
2023-05-23,11020,Molnupiravir
2023-05-24,11020,Molnupiravir
2023-05-25,11030,Molnupiravir
2023-05-26,11040,Molnupiravir
2023-05-27,11040,Molnupiravir
2023-05-28,11040,Molnupiravir
2023-05-29,11050,Molnupiravir
2023-05-30,11050,Molnupiravir
2023-05-31,11060,Molnupiravir
2023-06-01,11060,Molnupiravir
2023-06-02,11070,Molnupiravir
2023-06-03,11070,Molnupiravir
2023-06-04,11080,Molnupiravir
2023-06-05,11080,Molnupiravir
2023-06-06,11090,Molnupiravir
2023-06-07,11090,Molnupiravir
2023-06-08,11110,Molnupiravir
2023-06-09,11110,Molnupiravir
2023-06-10,11120,Molnupiravir
2023-06-11,11120,Molnupiravir
2023-06-12,11120,Molnupiravir
2023-06-13,11130,Molnupiravir
2023-06-14,11130,Molnupiravir
2023-06-15,11130,Molnupiravir
2023-06-16,11140,Molnupiravir
2023-06-17,11140,Molnupiravir
2023-06-18,11140,Molnupiravir
2023-06-19,11140,Molnupiravir
2023-06-20,11140,Molnupiravir
2023-06-21,11140,Molnupiravir
2023-06-22,11140,Molnupiravir
2023-06-23,11140,Molnupiravir
2023-06-24,11140,Molnupiravir
2023-06-25,11140,Molnupiravir
2023-06-26,11150,Molnupiravir
2023-06-27,11150,Molnupiravir
2023-06-28,11150,Molnupiravir
2023-06-29,11150,Molnupiravir
2023-06-30,11150,Molnupiravir
2023-07-01,11150,Molnupiravir
2023-07-02,11150,Molnupiravir
2023-07-03,11150,Molnupiravir
2023-07-04,11150,Molnupiravir
2023-07-05,11150,Molnupiravir
2023-07-06,11150,Molnupiravir
2023-07-07,11150,Molnupiravir
2023-07-08,11150,Molnupiravir
2023-07-09,11150,Molnupiravir
2023-07-10,11150,Molnupiravir
2023-07-11,11150,Molnupiravir
2023-07-12,11150,Molnupiravir
2023-07-13,11150,Molnupiravir
2023-07-14,11150,Molnupiravir
2023-07-15,11150,Molnupiravir
2023-07-16,11150,Molnupiravir
2023-07-17,11150,Molnupiravir
2023-07-18,11150,Molnupiravir
2023-07-19,11150,Molnupiravir
2023-07-20,11150,Molnupiravir
2023-07-21,11150,Molnupiravir
2023-07-22,11150,Molnupiravir
2023-07-23,11150,Molnupiravir
2023-07-24,11150,Molnupiravir
2023-07-25,11150,Molnupiravir
2023-07-26,11150,Molnupiravir
2023-07-27,11150,Molnupiravir
2023-07-28,11150,Molnupiravir
2023-07-29,11150,Molnupiravir
2023-07-30,11150,Molnupiravir
2023-07-31,11150,Molnupiravir
2023-08-01,11150,Molnupiravir
2023-08-02,11150,Molnupiravir
2023-08-03,11150,Molnupiravir
2023-08-04,11150,Molnupiravir
2023-08-05,11150,Molnupiravir
2023-08-06,11150,Molnupiravir
2023-08-07,11150,Molnupiravir
2023-08-08,11150,Molnupiravir
2023-08-09,11150,Molnupiravir
2023-08-10,11150,Molnupiravir
2023-08-11,11150,Molnupiravir
2023-08-12,11150,Molnupiravir
2023-08-13,11150,Molnupiravir
2023-08-14,11150,Molnupiravir
2023-08-15,11150,Molnupiravir
2023-08-16,11150,Molnupiravir
2023-08-17,11150,Molnupiravir
2023-08-18,11150,Molnupiravir
2023-08-19,11150,Molnupiravir
2023-08-20,11150,Molnupiravir
2023-08-21,11150,Molnupiravir
2023-08-22,11150,Molnupiravir
2023-08-23,11150,Molnupiravir
2023-08-24,11150,Molnupiravir
2023-08-25,11150,Molnupiravir
2023-08-26,11150,Molnupiravir
2023-08-27,11150,Molnupiravir
2023-08-28,11150,Molnupiravir
2023-08-29,11150,Molnupiravir
2023-08-30,11150,Molnupiravir
2023-08-31,11150,Molnupiravir
2023-09-01,11150,Molnupiravir
2023-09-02,11150,Molnupiravir
2023-09-03,11150,Molnupiravir
2023-09-04,11150,Molnupiravir
2023-09-05,11150,Molnupiravir
2023-09-06,11150,Molnupiravir
2023-09-07,11150,Molnupiravir
2023-09-08,11150,Molnupiravir
2023-09-09,11150,Molnupiravir
2023-09-10,11150,Molnupiravir
2023-09-11,11150,Molnupiravir
2023-09-12,11150,Molnupiravir
2023-09-13,11150,Molnupiravir
2023-09-14,11150,Molnupiravir
2023-09-15,11150,Molnupiravir
2023-09-16,11150,Molnupiravir
2023-09-17,11150,Molnupiravir
2023-09-18,11150,Molnupiravir
2023-09-19,11150,Molnupiravir
2023-09-20,11150,Molnupiravir
2023-09-21,11150,Molnupiravir
2023-09-22,11150,Molnupiravir
2023-09-23,11150,Molnupiravir
2023-09-24,11150,Molnupiravir
2023-09-25,11150,Molnupiravir
2023-09-26,11150,Molnupiravir
2023-09-27,11150,Molnupiravir
2023-09-28,11150,Molnupiravir
2023-09-29,11150,Molnupiravir
2023-09-30,11150,Molnupiravir
2023-10-01,11150,Molnupiravir
2023-10-02,11150,Molnupiravir
2023-10-03,11150,Molnupiravir
2023-10-04,11150,Molnupiravir
2023-10-05,11150,Molnupiravir
2023-10-06,11150,Molnupiravir
2023-10-07,11150,Molnupiravir
2023-10-08,11150,Molnupiravir
2023-10-09,11150,Molnupiravir
2023-10-10,11150,Molnupiravir
2023-10-11,11150,Molnupiravir
2023-10-12,11150,Molnupiravir
2023-10-13,11150,Molnupiravir
2023-10-14,11150,Molnupiravir
2023-10-15,11150,Molnupiravir
2023-10-16,11150,Molnupiravir
2023-10-17,11150,Molnupiravir
2023-10-18,11150,Molnupiravir
2023-10-19,11150,Molnupiravir
2023-10-20,11150,Molnupiravir
2023-10-21,11150,Molnupiravir
2023-10-22,11150,Molnupiravir
2023-10-23,11150,Molnupiravir
2023-10-24,11150,Molnupiravir
2023-10-25,11150,Molnupiravir
2023-10-26,11150,Molnupiravir
2023-10-27,11150,Molnupiravir
2023-10-28,11150,Molnupiravir
2023-10-29,11150,Molnupiravir
2023-10-30,11150,Molnupiravir
2023-10-31,11150,Molnupiravir
2023-11-01,11150,Molnupiravir
2023-11-02,11150,Molnupiravir
2023-11-03,11150,Molnupiravir
2023-11-04,11150,Molnupiravir
2023-11-05,11150,Molnupiravir
2023-11-06,11150,Molnupiravir
2023-11-07,11150,Molnupiravir
2023-11-08,11150,Molnupiravir
2023-11-09,11150,Molnupiravir
2023-11-10,11150,Molnupiravir
2023-11-11,11150,Molnupiravir
2023-11-12,11150,Molnupiravir
2023-11-13,11150,Molnupiravir
2023-11-14,11150,Molnupiravir
2023-11-15,11150,Molnupiravir
2023-11-16,11150,Molnupiravir
2023-11-17,11150,Molnupiravir
2023-11-18,11150,Molnupiravir
2023-11-19,11150,Molnupiravir
2023-11-20,11150,Molnupiravir
2023-11-21,11150,Molnupiravir
2023-11-22,11150,Molnupiravir
2023-11-23,11150,Molnupiravir
2023-11-24,11150,Molnupiravir
2023-11-25,11150,Molnupiravir
2023-11-26,11150,Molnupiravir
2023-11-27,11150,Molnupiravir
2023-11-28,11150,Molnupiravir
2023-11-29,11150,Molnupiravir
2023-11-30,11150,Molnupiravir
2023-12-01,11150,Molnupiravir
2023-12-02,11150,Molnupiravir
2023-12-03,11150,Molnupiravir
2023-12-04,11150,Molnupiravir
2023-12-05,11150,Molnupiravir
2023-12-06,11150,Molnupiravir
2023-12-07,11150,Molnupiravir
2023-12-08,11150,Molnupiravir
2023-12-09,11150,Molnupiravir
2023-12-10,11150,Molnupiravir
2023-12-11,11150,Molnupiravir
2023-12-12,11150,Molnupiravir
2023-12-13,11150,Molnupiravir
2023-12-14,11150,Molnupiravir
2023-12-15,11150,Molnupiravir
2023-12-16,11150,Molnupiravir
2023-12-17,11150,Molnupiravir
2023-12-18,11150,Molnupiravir
2023-12-19,11150,Molnupiravir
2023-12-20,11150,Molnupiravir
2023-12-21,11150,Molnupiravir
2023-12-22,11150,Molnupiravir
2023-12-23,11150,Molnupiravir
2023-12-24,11150,Molnupiravir
2023-12-25,11150,Molnupiravir
2023-12-26,11150,Molnupiravir
2023-12-27,11150,Molnupiravir
2023-12-28,11150,Molnupiravir
2023-12-29,11150,Molnupiravir
2023-12-30,11150,Molnupiravir
2023-12-31,11150,Molnupiravir
2022-01-03,NA,Paxlovid
2022-01-04,NA,Paxlovid
2022-01-05,NA,Paxlovid
2022-01-06,NA,Paxlovid
2022-01-07,NA,Paxlovid
2022-01-08,NA,Paxlovid
2022-01-09,NA,Paxlovid
2022-01-10,NA,Paxlovid
2022-01-11,NA,Paxlovid
2022-01-12,NA,Paxlovid
2022-01-13,NA,Paxlovid
2022-01-14,NA,Paxlovid
2022-01-15,NA,Paxlovid
2022-01-16,NA,Paxlovid
2022-01-17,NA,Paxlovid
2022-01-18,NA,Paxlovid
2022-01-19,NA,Paxlovid
2022-01-20,NA,Paxlovid
2022-01-21,NA,Paxlovid
2022-01-22,NA,Paxlovid
2022-01-23,NA,Paxlovid
2022-01-24,NA,Paxlovid
2022-01-25,NA,Paxlovid
2022-01-26,NA,Paxlovid
2022-01-27,NA,Paxlovid
2022-01-28,NA,Paxlovid
2022-01-29,NA,Paxlovid
2022-01-30,NA,Paxlovid
2022-01-31,NA,Paxlovid
2022-02-01,NA,Paxlovid
2022-02-02,NA,Paxlovid
2022-02-03,NA,Paxlovid
2022-02-04,NA,Paxlovid
2022-02-05,NA,Paxlovid
2022-02-06,NA,Paxlovid
2022-02-07,NA,Paxlovid
2022-02-08,NA,Paxlovid
2022-02-09,NA,Paxlovid
2022-02-10,20,Paxlovid
2022-02-11,30,Paxlovid
2022-02-12,50,Paxlovid
2022-02-13,50,Paxlovid
2022-02-14,80,Paxlovid
2022-02-15,100,Paxlovid
2022-02-16,120,Paxlovid
2022-02-17,170,Paxlovid
2022-02-18,210,Paxlovid
2022-02-19,220,Paxlovid
2022-02-20,230,Paxlovid
2022-02-21,260,Paxlovid
2022-02-22,290,Paxlovid
2022-02-23,320,Paxlovid
2022-02-24,340,Paxlovid
2022-02-25,370,Paxlovid
2022-02-26,400,Paxlovid
2022-02-27,410,Paxlovid
2022-02-28,440,Paxlovid
2022-03-01,460,Paxlovid
2022-03-02,500,Paxlovid
2022-03-03,520,Paxlovid
2022-03-04,570,Paxlovid
2022-03-05,600,Paxlovid
2022-03-06,620,Paxlovid
2022-03-07,670,Paxlovid
2022-03-08,720,Paxlovid
2022-03-09,770,Paxlovid
2022-03-10,840,Paxlovid
2022-03-11,940,Paxlovid
2022-03-12,990,Paxlovid
2022-03-13,1040,Paxlovid
2022-03-14,1120,Paxlovid
2022-03-15,1190,Paxlovid
2022-03-16,1260,Paxlovid
2022-03-17,1350,Paxlovid
2022-03-18,1450,Paxlovid
2022-03-19,1510,Paxlovid
2022-03-20,1570,Paxlovid
2022-03-21,1680,Paxlovid
2022-03-22,1800,Paxlovid
2022-03-23,1900,Paxlovid
2022-03-24,2030,Paxlovid
2022-03-25,2130,Paxlovid
2022-03-26,2190,Paxlovid
2022-03-27,2250,Paxlovid
2022-03-28,2380,Paxlovid
2022-03-29,2500,Paxlovid
2022-03-30,2610,Paxlovid
2022-03-31,2720,Paxlovid
2022-04-01,2810,Paxlovid
2022-04-02,2880,Paxlovid
2022-04-03,2910,Paxlovid
2022-04-04,3010,Paxlovid
2022-04-05,3110,Paxlovid
2022-04-06,3220,Paxlovid
2022-04-07,3330,Paxlovid
2022-04-08,3450,Paxlovid
2022-04-09,3530,Paxlovid
2022-04-10,3580,Paxlovid
2022-04-11,3670,Paxlovid
2022-04-12,3760,Paxlovid
2022-04-13,3860,Paxlovid
2022-04-14,3950,Paxlovid
2022-04-15,4020,Paxlovid
2022-04-16,4070,Paxlovid
2022-04-17,4100,Paxlovid
2022-04-18,4160,Paxlovid
2022-04-19,4240,Paxlovid
2022-04-20,4300,Paxlovid
2022-04-21,4350,Paxlovid
2022-04-22,4410,Paxlovid
2022-04-23,4440,Paxlovid
2022-04-24,4460,Paxlovid
2022-04-25,4510,Paxlovid
2022-04-26,4550,Paxlovid
2022-04-27,4580,Paxlovid
2022-04-28,4610,Paxlovid
2022-04-29,4650,Paxlovid
2022-04-30,4680,Paxlovid
2022-05-01,4690,Paxlovid
2022-05-02,4710,Paxlovid
2022-05-03,4750,Paxlovid
2022-05-04,4780,Paxlovid
2022-05-05,4810,Paxlovid
2022-05-06,4850,Paxlovid
2022-05-07,4860,Paxlovid
2022-05-08,4880,Paxlovid
2022-05-09,4900,Paxlovid
2022-05-10,4930,Paxlovid
2022-05-11,4950,Paxlovid
2022-05-12,4980,Paxlovid
2022-05-13,5000,Paxlovid
2022-05-14,5020,Paxlovid
2022-05-15,5030,Paxlovid
2022-05-16,5060,Paxlovid
2022-05-17,5080,Paxlovid
2022-05-18,5120,Paxlovid
2022-05-19,5130,Paxlovid
2022-05-20,5150,Paxlovid
2022-05-21,5160,Paxlovid
2022-05-22,5170,Paxlovid
2022-05-23,5200,Paxlovid
2022-05-24,5230,Paxlovid
2022-05-25,5250,Paxlovid
2022-05-26,5270,Paxlovid
2022-05-27,5290,Paxlovid
2022-05-28,5300,Paxlovid
2022-05-29,5310,Paxlovid
2022-05-30,5340,Paxlovid
2022-05-31,5360,Paxlovid
2022-06-01,5390,Paxlovid
2022-06-02,5410,Paxlovid
2022-06-03,5430,Paxlovid
2022-06-04,5440,Paxlovid
2022-06-05,5470,Paxlovid
2022-06-06,5490,Paxlovid
2022-06-07,5530,Paxlovid
2022-06-08,5580,Paxlovid
2022-06-09,5640,Paxlovid
2022-06-10,5680,Paxlovid
2022-06-11,5720,Paxlovid
2022-06-12,5750,Paxlovid
2022-06-13,5790,Paxlovid
2022-06-14,5850,Paxlovid
2022-06-15,5900,Paxlovid
2022-06-16,5950,Paxlovid
2022-06-17,6020,Paxlovid
2022-06-18,6080,Paxlovid
2022-06-19,6110,Paxlovid
2022-06-20,6160,Paxlovid
2022-06-21,6220,Paxlovid
2022-06-22,6310,Paxlovid
2022-06-23,6380,Paxlovid
2022-06-24,6480,Paxlovid
2022-06-25,6530,Paxlovid
2022-06-26,6580,Paxlovid
2022-06-27,6660,Paxlovid
2022-06-28,6740,Paxlovid
2022-06-29,6860,Paxlovid
2022-06-30,6950,Paxlovid
2022-07-01,7060,Paxlovid
2022-07-02,7150,Paxlovid
2022-07-03,7190,Paxlovid
2022-07-04,7320,Paxlovid
2022-07-05,7460,Paxlovid
2022-07-06,7580,Paxlovid
2022-07-07,7700,Paxlovid
2022-07-08,7820,Paxlovid
2022-07-09,7920,Paxlovid
2022-07-10,7980,Paxlovid
2022-07-11,8100,Paxlovid
2022-07-12,8200,Paxlovid
2022-07-13,8310,Paxlovid
2022-07-14,8410,Paxlovid
2022-07-15,8530,Paxlovid
2022-07-16,8590,Paxlovid
2022-07-17,8620,Paxlovid
2022-07-18,8710,Paxlovid
2022-07-19,8790,Paxlovid
2022-07-20,8860,Paxlovid
2022-07-21,8920,Paxlovid
2022-07-22,9000,Paxlovid
2022-07-23,9050,Paxlovid
2022-07-24,9070,Paxlovid
2022-07-25,9110,Paxlovid
2022-07-26,9180,Paxlovid
2022-07-27,9250,Paxlovid
2022-07-28,9300,Paxlovid
2022-07-29,9340,Paxlovid
2022-07-30,9360,Paxlovid
2022-07-31,9390,Paxlovid
2022-08-01,9440,Paxlovid
2022-08-02,9500,Paxlovid
2022-08-03,9530,Paxlovid
2022-08-04,9560,Paxlovid
2022-08-05,9600,Paxlovid
2022-08-06,9630,Paxlovid
2022-08-07,9650,Paxlovid
2022-08-08,9700,Paxlovid
2022-08-09,9740,Paxlovid
2022-08-10,9760,Paxlovid
2022-08-11,9800,Paxlovid
2022-08-12,9830,Paxlovid
2022-08-13,9850,Paxlovid
2022-08-14,9860,Paxlovid
2022-08-15,9880,Paxlovid
2022-08-16,9910,Paxlovid
2022-08-17,9940,Paxlovid
2022-08-18,9970,Paxlovid
2022-08-19,10000,Paxlovid
2022-08-20,10020,Paxlovid
2022-08-21,10030,Paxlovid
2022-08-22,10050,Paxlovid
2022-08-23,10070,Paxlovid
2022-08-24,10090,Paxlovid
2022-08-25,10110,Paxlovid
2022-08-26,10140,Paxlovid
2022-08-27,10160,Paxlovid
2022-08-28,10170,Paxlovid
2022-08-29,10190,Paxlovid
2022-08-30,10210,Paxlovid
2022-08-31,10240,Paxlovid
2022-09-01,10260,Paxlovid
2022-09-02,10280,Paxlovid
2022-09-03,10300,Paxlovid
2022-09-04,10320,Paxlovid
2022-09-05,10340,Paxlovid
2022-09-06,10370,Paxlovid
2022-09-07,10410,Paxlovid
2022-09-08,10430,Paxlovid
2022-09-09,10460,Paxlovid
2022-09-10,10470,Paxlovid
2022-09-11,10480,Paxlovid
2022-09-12,10510,Paxlovid
2022-09-13,10540,Paxlovid
2022-09-14,10570,Paxlovid
2022-09-15,10600,Paxlovid
2022-09-16,10630,Paxlovid
2022-09-17,10660,Paxlovid
2022-09-18,10680,Paxlovid
2022-09-19,10700,Paxlovid
2022-09-20,10740,Paxlovid
2022-09-21,10780,Paxlovid
2022-09-22,10840,Paxlovid
2022-09-23,10880,Paxlovid
2022-09-24,10900,Paxlovid
2022-09-25,10930,Paxlovid
2022-09-26,10990,Paxlovid
2022-09-27,11040,Paxlovid
2022-09-28,11090,Paxlovid
2022-09-29,11150,Paxlovid
2022-09-30,11210,Paxlovid
2022-10-01,11230,Paxlovid
2022-10-02,11260,Paxlovid
2022-10-03,11330,Paxlovid
2022-10-04,11410,Paxlovid
2022-10-05,11470,Paxlovid
2022-10-06,11530,Paxlovid
2022-10-07,11590,Paxlovid
2022-10-08,11630,Paxlovid
2022-10-09,11660,Paxlovid
2022-10-10,11730,Paxlovid
2022-10-11,11770,Paxlovid
2022-10-12,11840,Paxlovid
2022-10-13,11890,Paxlovid
2022-10-14,11950,Paxlovid
2022-10-15,11990,Paxlovid
2022-10-16,12000,Paxlovid
2022-10-17,12060,Paxlovid
2022-10-18,12100,Paxlovid
2022-10-19,12160,Paxlovid
2022-10-20,12220,Paxlovid
2022-10-21,12270,Paxlovid
2022-10-22,12280,Paxlovid
2022-10-23,12300,Paxlovid
2022-10-24,12340,Paxlovid
2022-10-25,12380,Paxlovid
2022-10-26,12420,Paxlovid
2022-10-27,12440,Paxlovid
2022-10-28,12480,Paxlovid
2022-10-29,12490,Paxlovid
2022-10-30,12500,Paxlovid
2022-10-31,12530,Paxlovid
2022-11-01,12570,Paxlovid
2022-11-02,12590,Paxlovid
2022-11-03,12610,Paxlovid
2022-11-04,12650,Paxlovid
2022-11-05,12660,Paxlovid
2022-11-06,12670,Paxlovid
2022-11-07,12690,Paxlovid
2022-11-08,12710,Paxlovid
2022-11-09,12720,Paxlovid
2022-11-10,12730,Paxlovid
2022-11-11,12750,Paxlovid
2022-11-12,12760,Paxlovid
2022-11-13,12770,Paxlovid
2022-11-14,12790,Paxlovid
2022-11-15,12810,Paxlovid
2022-11-16,12820,Paxlovid
2022-11-17,12850,Paxlovid
2022-11-18,12860,Paxlovid
2022-11-19,12870,Paxlovid
2022-11-20,12880,Paxlovid
2022-11-21,12900,Paxlovid
2022-11-22,12920,Paxlovid
2022-11-23,12940,Paxlovid
2022-11-24,12960,Paxlovid
2022-11-25,12980,Paxlovid
2022-11-26,12990,Paxlovid
2022-11-27,13000,Paxlovid
2022-11-28,13030,Paxlovid
2022-11-29,13060,Paxlovid
2022-11-30,13090,Paxlovid
2022-12-01,13120,Paxlovid
2022-12-02,13140,Paxlovid
2022-12-03,13150,Paxlovid
2022-12-04,13170,Paxlovid
2022-12-05,13200,Paxlovid
2022-12-06,13240,Paxlovid
2022-12-07,13270,Paxlovid
2022-12-08,13310,Paxlovid
2022-12-09,13340,Paxlovid
2022-12-10,13360,Paxlovid
2022-12-11,13380,Paxlovid
2022-12-12,13420,Paxlovid
2022-12-13,13460,Paxlovid
2022-12-14,13510,Paxlovid
2022-12-15,13550,Paxlovid
2022-12-16,13610,Paxlovid
2022-12-17,13640,Paxlovid
2022-12-18,13670,Paxlovid
2022-12-19,13740,Paxlovid
2022-12-20,13830,Paxlovid
2022-12-21,13880,Paxlovid
2022-12-22,13950,Paxlovid
2022-12-23,14020,Paxlovid
2022-12-24,14070,Paxlovid
2022-12-25,14080,Paxlovid
2022-12-26,14120,Paxlovid
2022-12-27,14160,Paxlovid
2022-12-28,14210,Paxlovid
2022-12-29,14270,Paxlovid
2022-12-30,14340,Paxlovid
2022-12-31,14380,Paxlovid
2023-01-01,14400,Paxlovid
2023-01-02,14440,Paxlovid
2023-01-03,14480,Paxlovid
2023-01-04,14520,Paxlovid
2023-01-05,14560,Paxlovid
2023-01-06,14590,Paxlovid
2023-01-07,14600,Paxlovid
2023-01-08,14610,Paxlovid
2023-01-09,14640,Paxlovid
2023-01-10,14660,Paxlovid
2023-01-11,14670,Paxlovid
2023-01-12,14680,Paxlovid
2023-01-13,14690,Paxlovid
2023-01-14,14700,Paxlovid
2023-01-15,14710,Paxlovid
2023-01-16,14730,Paxlovid
2023-01-17,14740,Paxlovid
2023-01-18,14750,Paxlovid
2023-01-19,14760,Paxlovid
2023-01-20,14780,Paxlovid
2023-01-21,14790,Paxlovid
2023-01-22,14790,Paxlovid
2023-01-23,14810,Paxlovid
2023-01-24,14820,Paxlovid
2023-01-25,14840,Paxlovid
2023-01-26,14860,Paxlovid
2023-01-27,14880,Paxlovid
2023-01-28,14890,Paxlovid
2023-01-29,14910,Paxlovid
2023-01-30,14930,Paxlovid
2023-01-31,14960,Paxlovid
2023-02-01,14980,Paxlovid
2023-02-02,15010,Paxlovid
2023-02-03,15040,Paxlovid
2023-02-04,15050,Paxlovid
2023-02-05,15060,Paxlovid
2023-02-06,15090,Paxlovid
2023-02-07,15110,Paxlovid
2023-02-08,15140,Paxlovid
2023-02-09,15170,Paxlovid
2023-02-10,15210,Paxlovid
2023-02-11,15220,Paxlovid
2023-02-12,15240,Paxlovid
2023-02-13,15270,Paxlovid
2023-02-14,15310,Paxlovid
2023-02-15,15360,Paxlovid
2023-02-16,15400,Paxlovid
2023-02-17,15430,Paxlovid
2023-02-18,15460,Paxlovid
2023-02-19,15480,Paxlovid
2023-02-20,15530,Paxlovid
2023-02-21,15570,Paxlovid
2023-02-22,15620,Paxlovid
2023-02-23,15650,Paxlovid
2023-02-24,15690,Paxlovid
2023-02-25,15720,Paxlovid
2023-02-26,15730,Paxlovid
2023-02-27,15780,Paxlovid
2023-02-28,15810,Paxlovid
2023-03-01,15850,Paxlovid
2023-03-02,15890,Paxlovid
2023-03-03,15930,Paxlovid
2023-03-04,15950,Paxlovid
2023-03-05,15970,Paxlovid
2023-03-06,16040,Paxlovid
2023-03-07,16080,Paxlovid
2023-03-08,16140,Paxlovid
2023-03-09,16180,Paxlovid
2023-03-10,16220,Paxlovid
2023-03-11,16260,Paxlovid
2023-03-12,16280,Paxlovid
2023-03-13,16340,Paxlovid
2023-03-14,16400,Paxlovid
2023-03-15,16460,Paxlovid
2023-03-16,16500,Paxlovid
2023-03-17,16540,Paxlovid
2023-03-18,16590,Paxlovid
2023-03-19,16610,Paxlovid
2023-03-20,16670,Paxlovid
2023-03-21,16740,Paxlovid
2023-03-22,16800,Paxlovid
2023-03-23,16850,Paxlovid
2023-03-24,16920,Paxlovid
2023-03-25,16960,Paxlovid
2023-03-26,16980,Paxlovid
2023-03-27,17030,Paxlovid
2023-03-28,17080,Paxlovid
2023-03-29,17130,Paxlovid
2023-03-30,17170,Paxlovid
2023-03-31,17210,Paxlovid
2023-04-01,17240,Paxlovid
2023-04-02,17260,Paxlovid
2023-04-03,17300,Paxlovid
2023-04-04,17350,Paxlovid
2023-04-05,17380,Paxlovid
2023-04-06,17420,Paxlovid
2023-04-07,17440,Paxlovid
2023-04-08,17470,Paxlovid
2023-04-09,17480,Paxlovid
2023-04-10,17510,Paxlovid
2023-04-11,17530,Paxlovid
2023-04-12,17560,Paxlovid
2023-04-13,17600,Paxlovid
2023-04-14,17640,Paxlovid
2023-04-15,17660,Paxlovid
2023-04-16,17670,Paxlovid
2023-04-17,17700,Paxlovid
2023-04-18,17740,Paxlovid
2023-04-19,17760,Paxlovid
2023-04-20,17790,Paxlovid
2023-04-21,17820,Paxlovid
2023-04-22,17840,Paxlovid
2023-04-23,17850,Paxlovid
2023-04-24,17870,Paxlovid
2023-04-25,17890,Paxlovid
2023-04-26,17920,Paxlovid
2023-04-27,17940,Paxlovid
2023-04-28,17960,Paxlovid
2023-04-29,17980,Paxlovid
2023-04-30,18000,Paxlovid
2023-05-01,18020,Paxlovid
2023-05-02,18060,Paxlovid
2023-05-03,18100,Paxlovid
2023-05-04,18140,Paxlovid
2023-05-05,18170,Paxlovid
2023-05-06,18190,Paxlovid
2023-05-07,18210,Paxlovid
2023-05-08,18230,Paxlovid
2023-05-09,18270,Paxlovid
2023-05-10,18300,Paxlovid
2023-05-11,18320,Paxlovid
2023-05-12,18340,Paxlovid
2023-05-13,18350,Paxlovid
2023-05-14,18360,Paxlovid
2023-05-15,18370,Paxlovid
2023-05-16,18390,Paxlovid
2023-05-17,18410,Paxlovid
2023-05-18,18420,Paxlovid
2023-05-19,18450,Paxlovid
2023-05-20,18460,Paxlovid
2023-05-21,18470,Paxlovid
2023-05-22,18480,Paxlovid
2023-05-23,18500,Paxlovid
2023-05-24,18520,Paxlovid
2023-05-25,18540,Paxlovid
2023-05-26,18560,Paxlovid
2023-05-27,18570,Paxlovid
2023-05-28,18580,Paxlovid
2023-05-29,18590,Paxlovid
2023-05-30,18600,Paxlovid
2023-05-31,18610,Paxlovid
2023-06-01,18620,Paxlovid
2023-06-02,18640,Paxlovid
2023-06-03,18640,Paxlovid
2023-06-04,18650,Paxlovid
2023-06-05,18660,Paxlovid
2023-06-06,18680,Paxlovid
2023-06-07,18690,Paxlovid
2023-06-08,18710,Paxlovid
2023-06-09,18720,Paxlovid
2023-06-10,18730,Paxlovid
2023-06-11,18730,Paxlovid
2023-06-12,18740,Paxlovid
2023-06-13,18750,Paxlovid
2023-06-14,18760,Paxlovid
2023-06-15,18770,Paxlovid
2023-06-16,18780,Paxlovid
2023-06-17,18780,Paxlovid
2023-06-18,18790,Paxlovid
2023-06-19,18790,Paxlovid
2023-06-20,18800,Paxlovid
2023-06-21,18800,Paxlovid
2023-06-22,18810,Paxlovid
2023-06-23,18820,Paxlovid
2023-06-24,18820,Paxlovid
2023-06-25,18820,Paxlovid
2023-06-26,18820,Paxlovid
2023-06-27,18820,Paxlovid
2023-06-28,18820,Paxlovid
2023-06-29,18820,Paxlovid
2023-06-30,18820,Paxlovid
2023-07-01,18830,Paxlovid
2023-07-02,18830,Paxlovid
2023-07-03,18830,Paxlovid
2023-07-04,18830,Paxlovid
2023-07-05,18830,Paxlovid
2023-07-06,18830,Paxlovid
2023-07-07,18830,Paxlovid
2023-07-08,18830,Paxlovid
2023-07-09,18830,Paxlovid
2023-07-10,18830,Paxlovid
2023-07-11,18830,Paxlovid
2023-07-12,18830,Paxlovid
2023-07-13,18830,Paxlovid
2023-07-14,18830,Paxlovid
2023-07-15,18830,Paxlovid
2023-07-16,18830,Paxlovid
2023-07-17,18830,Paxlovid
2023-07-18,18830,Paxlovid
2023-07-19,18830,Paxlovid
2023-07-20,18830,Paxlovid
2023-07-21,18830,Paxlovid
2023-07-22,18830,Paxlovid
2023-07-23,18830,Paxlovid
2023-07-24,18830,Paxlovid
2023-07-25,18830,Paxlovid
2023-07-26,18830,Paxlovid
2023-07-27,18830,Paxlovid
2023-07-28,18830,Paxlovid
2023-07-29,18830,Paxlovid
2023-07-30,18830,Paxlovid
2023-07-31,18830,Paxlovid
2023-08-01,18830,Paxlovid
2023-08-02,18830,Paxlovid
2023-08-03,18830,Paxlovid
2023-08-04,18830,Paxlovid
2023-08-05,18830,Paxlovid
2023-08-06,18830,Paxlovid
2023-08-07,18830,Paxlovid
2023-08-08,18830,Paxlovid
2023-08-09,18830,Paxlovid
2023-08-10,18830,Paxlovid
2023-08-11,18830,Paxlovid
2023-08-12,18830,Paxlovid
2023-08-13,18830,Paxlovid
2023-08-14,18830,Paxlovid
2023-08-15,18830,Paxlovid
2023-08-16,18830,Paxlovid
2023-08-17,18830,Paxlovid
2023-08-18,18830,Paxlovid
2023-08-19,18830,Paxlovid
2023-08-20,18830,Paxlovid
2023-08-21,18830,Paxlovid
2023-08-22,18830,Paxlovid
2023-08-23,18830,Paxlovid
2023-08-24,18830,Paxlovid
2023-08-25,18830,Paxlovid
2023-08-26,18830,Paxlovid
2023-08-27,18830,Paxlovid
2023-08-28,18830,Paxlovid
2023-08-29,18830,Paxlovid
2023-08-30,18830,Paxlovid
2023-08-31,18830,Paxlovid
2023-09-01,18830,Paxlovid
2023-09-02,18830,Paxlovid
2023-09-03,18830,Paxlovid
2023-09-04,18830,Paxlovid
2023-09-05,18830,Paxlovid
2023-09-06,18830,Paxlovid
2023-09-07,18830,Paxlovid
2023-09-08,18830,Paxlovid
2023-09-09,18830,Paxlovid
2023-09-10,18830,Paxlovid
2023-09-11,18830,Paxlovid
2023-09-12,18830,Paxlovid
2023-09-13,18830,Paxlovid
2023-09-14,18830,Paxlovid
2023-09-15,18830,Paxlovid
2023-09-16,18830,Paxlovid
2023-09-17,18830,Paxlovid
2023-09-18,18830,Paxlovid
2023-09-19,18830,Paxlovid
2023-09-20,18830,Paxlovid
2023-09-21,18830,Paxlovid
2023-09-22,18830,Paxlovid
2023-09-23,18830,Paxlovid
2023-09-24,18830,Paxlovid
2023-09-25,18830,Paxlovid
2023-09-26,18830,Paxlovid
2023-09-27,18830,Paxlovid
2023-09-28,18830,Paxlovid
2023-09-29,18830,Paxlovid
2023-09-30,18830,Paxlovid
2023-10-01,18830,Paxlovid
2023-10-02,18830,Paxlovid
2023-10-03,18830,Paxlovid
2023-10-04,18830,Paxlovid
2023-10-05,18830,Paxlovid
2023-10-06,18830,Paxlovid
2023-10-07,18830,Paxlovid
2023-10-08,18830,Paxlovid
2023-10-09,18830,Paxlovid
2023-10-10,18830,Paxlovid
2023-10-11,18830,Paxlovid
2023-10-12,18830,Paxlovid
2023-10-13,18830,Paxlovid
2023-10-14,18830,Paxlovid
2023-10-15,18830,Paxlovid
2023-10-16,18830,Paxlovid
2023-10-17,18830,Paxlovid
2023-10-18,18830,Paxlovid
2023-10-19,18830,Paxlovid
2023-10-20,18830,Paxlovid
2023-10-21,18830,Paxlovid
2023-10-22,18830,Paxlovid
2023-10-23,18830,Paxlovid
2023-10-24,18830,Paxlovid
2023-10-25,18830,Paxlovid
2023-10-26,18830,Paxlovid
2023-10-27,18830,Paxlovid
2023-10-28,18830,Paxlovid
2023-10-29,18830,Paxlovid
2023-10-30,18830,Paxlovid
2023-10-31,18830,Paxlovid
2023-11-01,18830,Paxlovid
2023-11-02,18830,Paxlovid
2023-11-03,18830,Paxlovid
2023-11-04,18830,Paxlovid
2023-11-05,18830,Paxlovid
2023-11-06,18830,Paxlovid
2023-11-07,18830,Paxlovid
2023-11-08,18830,Paxlovid
2023-11-09,18830,Paxlovid
2023-11-10,18830,Paxlovid
2023-11-11,18830,Paxlovid
2023-11-12,18830,Paxlovid
2023-11-13,18830,Paxlovid
2023-11-14,18830,Paxlovid
2023-11-15,18830,Paxlovid
2023-11-16,18830,Paxlovid
2023-11-17,18830,Paxlovid
2023-11-18,18830,Paxlovid
2023-11-19,18830,Paxlovid
2023-11-20,18830,Paxlovid
2023-11-21,18830,Paxlovid
2023-11-22,18830,Paxlovid
2023-11-23,18830,Paxlovid
2023-11-24,18830,Paxlovid
2023-11-25,18830,Paxlovid
2023-11-26,18830,Paxlovid
2023-11-27,18830,Paxlovid
2023-11-28,18830,Paxlovid
2023-11-29,18830,Paxlovid
2023-11-30,18830,Paxlovid
2023-12-01,18830,Paxlovid
2023-12-02,18830,Paxlovid
2023-12-03,18830,Paxlovid
2023-12-04,18830,Paxlovid
2023-12-05,18830,Paxlovid
2023-12-06,18830,Paxlovid
2023-12-07,18830,Paxlovid
2023-12-08,18830,Paxlovid
2023-12-09,18830,Paxlovid
2023-12-10,18830,Paxlovid
2023-12-11,18830,Paxlovid
2023-12-12,18830,Paxlovid
2023-12-13,18830,Paxlovid
2023-12-14,18830,Paxlovid
2022-02-10,NA,Remdesivir
2022-02-11,NA,Remdesivir
2022-02-12,NA,Remdesivir
2022-02-13,NA,Remdesivir
2022-02-14,NA,Remdesivir
2022-02-15,NA,Remdesivir
2022-02-16,NA,Remdesivir
2022-02-17,NA,Remdesivir
2022-02-18,NA,Remdesivir
2022-02-19,NA,Remdesivir
2022-02-20,NA,Remdesivir
2022-02-21,NA,Remdesivir
2022-02-22,NA,Remdesivir
2022-02-23,NA,Remdesivir
2022-02-24,NA,Remdesivir
2022-02-25,NA,Remdesivir
2022-02-26,NA,Remdesivir
2022-02-27,NA,Remdesivir
2022-02-28,NA,Remdesivir
2022-03-01,NA,Remdesivir
2022-03-02,10,Remdesivir
2022-03-03,10,Remdesivir
2022-03-04,10,Remdesivir
2022-03-05,10,Remdesivir
2022-03-06,10,Remdesivir
2022-03-07,10,Remdesivir
2022-03-08,10,Remdesivir
2022-03-09,10,Remdesivir
2022-03-10,10,Remdesivir
2022-03-11,10,Remdesivir
2022-03-12,10,Remdesivir
2022-03-13,10,Remdesivir
2022-03-14,10,Remdesivir
2022-03-15,10,Remdesivir
2022-03-16,10,Remdesivir
2022-03-17,10,Remdesivir
2022-03-18,10,Remdesivir
2022-03-19,10,Remdesivir
2022-03-20,10,Remdesivir
2022-03-21,10,Remdesivir
2022-03-22,10,Remdesivir
2022-03-23,10,Remdesivir
2022-03-24,20,Remdesivir
2022-03-25,20,Remdesivir
2022-03-26,20,Remdesivir
2022-03-27,20,Remdesivir
2022-03-28,20,Remdesivir
2022-03-29,20,Remdesivir
2022-03-30,20,Remdesivir
2022-03-31,20,Remdesivir
2022-04-01,20,Remdesivir
2022-04-02,20,Remdesivir
2022-04-03,20,Remdesivir
2022-04-04,20,Remdesivir
2022-04-05,20,Remdesivir
2022-04-06,20,Remdesivir
2022-04-07,20,Remdesivir
2022-04-08,20,Remdesivir
2022-04-09,20,Remdesivir
2022-04-10,20,Remdesivir
2022-04-11,20,Remdesivir
2022-04-12,20,Remdesivir
2022-04-13,20,Remdesivir
2022-04-14,20,Remdesivir
2022-04-15,20,Remdesivir
2022-04-16,20,Remdesivir
2022-04-17,20,Remdesivir
2022-04-18,20,Remdesivir
2022-04-19,20,Remdesivir
2022-04-20,20,Remdesivir
2022-04-21,30,Remdesivir
2022-04-22,30,Remdesivir
2022-04-23,30,Remdesivir
2022-04-24,30,Remdesivir
2022-04-25,30,Remdesivir
2022-04-26,30,Remdesivir
2022-04-27,30,Remdesivir
2022-04-28,30,Remdesivir
2022-04-29,30,Remdesivir
2022-04-30,30,Remdesivir
2022-05-01,30,Remdesivir
2022-05-02,30,Remdesivir
2022-05-03,30,Remdesivir
2022-05-04,30,Remdesivir
2022-05-05,30,Remdesivir
2022-05-06,30,Remdesivir
2022-05-07,30,Remdesivir
2022-05-08,30,Remdesivir
2022-05-09,30,Remdesivir
2022-05-10,30,Remdesivir
2022-05-11,30,Remdesivir
2022-05-12,30,Remdesivir
2022-05-13,30,Remdesivir
2022-05-14,30,Remdesivir
2022-05-15,30,Remdesivir
2022-05-16,30,Remdesivir
2022-05-17,30,Remdesivir
2022-05-18,30,Remdesivir
2022-05-19,30,Remdesivir
2022-05-20,30,Remdesivir
2022-05-21,30,Remdesivir
2022-05-22,30,Remdesivir
2022-05-23,30,Remdesivir
2022-05-24,30,Remdesivir
2022-05-25,30,Remdesivir
2022-05-26,30,Remdesivir
2022-05-27,30,Remdesivir
2022-05-28,30,Remdesivir
2022-05-29,30,Remdesivir
2022-05-30,40,Remdesivir
2022-05-31,40,Remdesivir
2022-06-01,40,Remdesivir
2022-06-02,40,Remdesivir
2022-06-03,40,Remdesivir
2022-06-04,40,Remdesivir
2022-06-05,40,Remdesivir
2022-06-06,40,Remdesivir
2022-06-07,40,Remdesivir
2022-06-08,40,Remdesivir
2022-06-09,40,Remdesivir
2022-06-10,40,Remdesivir
2022-06-11,40,Remdesivir
2022-06-12,40,Remdesivir
2022-06-13,40,Remdesivir
2022-06-14,40,Remdesivir
2022-06-15,40,Remdesivir
2022-06-16,40,Remdesivir
2022-06-17,40,Remdesivir
2022-06-18,40,Remdesivir
2022-06-19,40,Remdesivir
2022-06-20,40,Remdesivir
2022-06-21,40,Remdesivir
2022-06-22,40,Remdesivir
2022-06-23,40,Remdesivir
2022-06-24,40,Remdesivir
2022-06-25,40,Remdesivir
2022-06-26,40,Remdesivir
2022-06-27,40,Remdesivir
2022-06-28,40,Remdesivir
2022-06-29,40,Remdesivir
2022-06-30,40,Remdesivir
2022-07-01,40,Remdesivir
2022-07-02,40,Remdesivir
2022-07-03,40,Remdesivir
2022-07-04,40,Remdesivir
2022-07-05,40,Remdesivir
2022-07-06,40,Remdesivir
2022-07-07,40,Remdesivir
2022-07-08,40,Remdesivir
2022-07-09,40,Remdesivir
2022-07-10,40,Remdesivir
2022-07-11,40,Remdesivir
2022-07-12,50,Remdesivir
2022-07-13,50,Remdesivir
2022-07-14,50,Remdesivir
2022-07-15,50,Remdesivir
2022-07-16,50,Remdesivir
2022-07-17,50,Remdesivir
2022-07-18,50,Remdesivir
2022-07-19,50,Remdesivir
2022-07-20,50,Remdesivir
2022-07-21,50,Remdesivir
2022-07-22,50,Remdesivir
2022-07-23,50,Remdesivir
2022-07-24,50,Remdesivir
2022-07-25,50,Remdesivir
2022-07-26,50,Remdesivir
2022-07-27,50,Remdesivir
2022-07-28,50,Remdesivir
2022-07-29,50,Remdesivir
2022-07-30,50,Remdesivir
2022-07-31,50,Remdesivir
2022-08-01,50,Remdesivir
2022-08-02,50,Remdesivir
2022-08-03,50,Remdesivir
2022-08-04,50,Remdesivir
2022-08-05,50,Remdesivir
2022-08-06,50,Remdesivir
2022-08-07,50,Remdesivir
2022-08-08,50,Remdesivir
2022-08-09,50,Remdesivir
2022-08-10,50,Remdesivir
2022-08-11,50,Remdesivir
2022-08-12,50,Remdesivir
2022-08-13,50,Remdesivir
2022-08-14,50,Remdesivir
2022-08-15,50,Remdesivir
2022-08-16,50,Remdesivir
2022-08-17,50,Remdesivir
2022-08-18,50,Remdesivir
2022-08-19,50,Remdesivir
2022-08-20,50,Remdesivir
2022-08-21,50,Remdesivir
2022-08-22,50,Remdesivir
2022-08-23,50,Remdesivir
2022-08-24,50,Remdesivir
2022-08-25,50,Remdesivir
2022-08-26,50,Remdesivir
2022-08-27,50,Remdesivir
2022-08-28,50,Remdesivir
2022-08-29,50,Remdesivir
2022-08-30,50,Remdesivir
2022-08-31,50,Remdesivir
2022-09-01,50,Remdesivir
2022-09-02,50,Remdesivir
2022-09-03,50,Remdesivir
2022-09-04,50,Remdesivir
2022-09-05,50,Remdesivir
2022-09-06,50,Remdesivir
2022-09-07,50,Remdesivir
2022-09-08,50,Remdesivir
2022-09-09,60,Remdesivir
2022-09-10,60,Remdesivir
2022-09-11,60,Remdesivir
2022-09-12,60,Remdesivir
2022-09-13,60,Remdesivir
2022-09-14,60,Remdesivir
2022-09-15,60,Remdesivir
2022-09-16,60,Remdesivir
2022-09-17,60,Remdesivir
2022-09-18,60,Remdesivir
2022-09-19,60,Remdesivir
2022-09-20,60,Remdesivir
2022-09-21,60,Remdesivir
2022-09-22,60,Remdesivir
2022-09-23,60,Remdesivir
2022-09-24,60,Remdesivir
2022-09-25,60,Remdesivir
2022-09-26,60,Remdesivir
2022-09-27,60,Remdesivir
2022-09-28,60,Remdesivir
2022-09-29,60,Remdesivir
2022-09-30,60,Remdesivir
2022-10-01,60,Remdesivir
2022-10-02,60,Remdesivir
2022-10-03,60,Remdesivir
2022-10-04,60,Remdesivir
2022-10-05,60,Remdesivir
2022-10-06,60,Remdesivir
2022-10-07,60,Remdesivir
2022-10-08,60,Remdesivir
2022-10-09,60,Remdesivir
2022-10-10,60,Remdesivir
2022-10-11,60,Remdesivir
2022-10-12,60,Remdesivir
2022-10-13,60,Remdesivir
2022-10-14,60,Remdesivir
2022-10-15,60,Remdesivir
2022-10-16,60,Remdesivir
2022-10-17,60,Remdesivir
2022-10-18,60,Remdesivir
2022-10-19,60,Remdesivir
2022-10-20,60,Remdesivir
2022-10-21,60,Remdesivir
2022-10-22,60,Remdesivir
2022-10-23,60,Remdesivir
2022-10-24,60,Remdesivir
2022-10-25,60,Remdesivir
2022-10-26,60,Remdesivir
2022-10-27,60,Remdesivir
2022-10-28,60,Remdesivir
2022-10-29,60,Remdesivir
2022-10-30,60,Remdesivir
2022-10-31,60,Remdesivir
2022-11-01,60,Remdesivir
2022-11-02,60,Remdesivir
2022-11-03,60,Remdesivir
2022-11-04,60,Remdesivir
2022-11-05,70,Remdesivir
2022-11-06,70,Remdesivir
2022-11-07,70,Remdesivir
2022-11-08,70,Remdesivir
2022-11-09,70,Remdesivir
2022-11-10,70,Remdesivir
2022-11-11,70,Remdesivir
2022-11-12,70,Remdesivir
2022-11-13,70,Remdesivir
2022-11-14,70,Remdesivir
2022-11-15,70,Remdesivir
2022-11-16,70,Remdesivir
2022-11-17,70,Remdesivir
2022-11-18,70,Remdesivir
2022-11-19,70,Remdesivir
2022-11-20,70,Remdesivir
2022-11-21,70,Remdesivir
2022-11-22,70,Remdesivir
2022-11-23,70,Remdesivir
2022-11-24,70,Remdesivir
2022-11-25,70,Remdesivir
2022-11-26,70,Remdesivir
2022-11-27,70,Remdesivir
2022-11-28,70,Remdesivir
2022-11-29,70,Remdesivir
2022-11-30,70,Remdesivir
2022-12-01,70,Remdesivir
2022-12-02,70,Remdesivir
2022-12-03,70,Remdesivir
2022-12-04,70,Remdesivir
2022-12-05,70,Remdesivir
2022-12-06,70,Remdesivir
2022-12-07,70,Remdesivir
2022-12-08,70,Remdesivir
2022-12-09,70,Remdesivir
2022-12-10,70,Remdesivir
2022-12-11,70,Remdesivir
2022-12-12,70,Remdesivir
2022-12-13,70,Remdesivir
2022-12-14,70,Remdesivir
2022-12-15,70,Remdesivir
2022-12-16,70,Remdesivir
2022-12-17,70,Remdesivir
2022-12-18,70,Remdesivir
2022-12-19,80,Remdesivir
2022-12-20,80,Remdesivir
2022-12-21,80,Remdesivir
2022-12-22,80,Remdesivir
2022-12-23,80,Remdesivir
2022-12-24,80,Remdesivir
2022-12-25,80,Remdesivir
2022-12-26,80,Remdesivir
2022-12-27,80,Remdesivir
2022-12-28,90,Remdesivir
2022-12-29,90,Remdesivir
2022-12-30,90,Remdesivir
2022-12-31,90,Remdesivir
2023-01-01,90,Remdesivir
2023-01-02,90,Remdesivir
2023-01-03,90,Remdesivir
2023-01-04,100,Remdesivir
2023-01-05,100,Remdesivir
2023-01-06,100,Remdesivir
2023-01-07,100,Remdesivir
2023-01-08,100,Remdesivir
2023-01-09,100,Remdesivir
2023-01-10,100,Remdesivir
2023-01-11,110,Remdesivir
2023-01-12,110,Remdesivir
2023-01-13,110,Remdesivir
2023-01-14,110,Remdesivir
2023-01-15,110,Remdesivir
2023-01-16,110,Remdesivir
2023-01-17,110,Remdesivir
2023-01-18,110,Remdesivir
2023-01-19,110,Remdesivir
2023-01-20,110,Remdesivir
2023-01-21,110,Remdesivir
2023-01-22,110,Remdesivir
2023-01-23,110,Remdesivir
2023-01-24,110,Remdesivir
2023-01-25,110,Remdesivir
2023-01-26,110,Remdesivir
2023-01-27,120,Remdesivir
2023-01-28,120,Remdesivir
2023-01-29,120,Remdesivir
2023-01-30,120,Remdesivir
2023-01-31,120,Remdesivir
2023-02-01,120,Remdesivir
2023-02-02,120,Remdesivir
2023-02-03,120,Remdesivir
2023-02-04,120,Remdesivir
2023-02-05,120,Remdesivir
2023-02-06,120,Remdesivir
2023-02-07,130,Remdesivir
2023-02-08,130,Remdesivir
2023-02-09,130,Remdesivir
2023-02-10,140,Remdesivir
2023-02-11,140,Remdesivir
2023-02-12,140,Remdesivir
2023-02-13,140,Remdesivir
2023-02-14,140,Remdesivir
2023-02-15,150,Remdesivir
2023-02-16,150,Remdesivir
2023-02-17,150,Remdesivir
2023-02-18,160,Remdesivir
2023-02-19,160,Remdesivir
2023-02-20,160,Remdesivir
2023-02-21,160,Remdesivir
2023-02-22,160,Remdesivir
2023-02-23,160,Remdesivir
2023-02-24,170,Remdesivir
2023-02-25,170,Remdesivir
2023-02-26,170,Remdesivir
2023-02-27,180,Remdesivir
2023-02-28,180,Remdesivir
2023-03-01,180,Remdesivir
2023-03-02,190,Remdesivir
2023-03-03,190,Remdesivir
2023-03-04,190,Remdesivir
2023-03-05,190,Remdesivir
2023-03-06,190,Remdesivir
2023-03-07,190,Remdesivir
2023-03-08,190,Remdesivir
2023-03-09,200,Remdesivir
2023-03-10,200,Remdesivir
2023-03-11,200,Remdesivir
2023-03-12,200,Remdesivir
2023-03-13,200,Remdesivir
2023-03-14,200,Remdesivir
2023-03-15,200,Remdesivir
2023-03-16,200,Remdesivir
2023-03-17,200,Remdesivir
2023-03-18,200,Remdesivir
2023-03-19,200,Remdesivir
2023-03-20,200,Remdesivir
2023-03-21,200,Remdesivir
2023-03-22,200,Remdesivir
2023-03-23,210,Remdesivir
2023-03-24,210,Remdesivir
2023-03-25,210,Remdesivir
2023-03-26,210,Remdesivir
2023-03-27,210,Remdesivir
2023-03-28,210,Remdesivir
2023-03-29,210,Remdesivir
2023-03-30,210,Remdesivir
2023-03-31,210,Remdesivir
2023-04-01,210,Remdesivir
2023-04-02,210,Remdesivir
2023-04-03,210,Remdesivir
2023-04-04,210,Remdesivir
2023-04-05,210,Remdesivir
2023-04-06,210,Remdesivir
2023-04-07,210,Remdesivir
2023-04-08,210,Remdesivir
2023-04-09,210,Remdesivir
2023-04-10,210,Remdesivir
2023-04-11,210,Remdesivir
2023-04-12,210,Remdesivir
2023-04-13,210,Remdesivir
2023-04-14,210,Remdesivir
2023-04-15,210,Remdesivir
2023-04-16,210,Remdesivir
2023-04-17,210,Remdesivir
2023-04-18,210,Remdesivir
2023-04-19,210,Remdesivir
2023-04-20,210,Remdesivir
2023-04-21,210,Remdesivir
2023-04-22,210,Remdesivir
2023-04-23,210,Remdesivir
2023-04-24,210,Remdesivir
2023-04-25,210,Remdesivir
2023-04-26,210,Remdesivir
2023-04-27,210,Remdesivir
2023-04-28,210,Remdesivir
2023-04-29,210,Remdesivir
2023-04-30,210,Remdesivir
2023-05-01,210,Remdesivir
2023-05-02,210,Remdesivir
2023-05-03,210,Remdesivir
2023-05-04,210,Remdesivir
2023-05-05,210,Remdesivir
2023-05-06,210,Remdesivir
2023-05-07,210,Remdesivir
2023-05-08,210,Remdesivir
2023-05-09,210,Remdesivir
2023-05-10,210,Remdesivir
2023-05-11,210,Remdesivir
2023-05-12,210,Remdesivir
2023-05-13,210,Remdesivir
2023-05-14,210,Remdesivir
2023-05-15,210,Remdesivir
2023-05-16,210,Remdesivir
2023-05-17,210,Remdesivir
2023-05-18,210,Remdesivir
2023-05-19,210,Remdesivir
2023-05-20,210,Remdesivir
2023-05-21,210,Remdesivir
2023-05-22,210,Remdesivir
2023-05-23,210,Remdesivir
2023-05-24,210,Remdesivir
2023-05-25,210,Remdesivir
2023-05-26,210,Remdesivir
2021-12-19,NA,Sotrovimab
2021-12-20,10,Sotrovimab
2021-12-21,30,Sotrovimab
2021-12-22,60,Sotrovimab
2021-12-23,100,Sotrovimab
2021-12-24,160,Sotrovimab
2021-12-25,170,Sotrovimab
2021-12-26,190,Sotrovimab
2021-12-27,220,Sotrovimab
2021-12-28,270,Sotrovimab
2021-12-29,320,Sotrovimab
2021-12-30,400,Sotrovimab
2021-12-31,500,Sotrovimab
2022-01-01,540,Sotrovimab
2022-01-02,600,Sotrovimab
2022-01-03,660,Sotrovimab
2022-01-04,750,Sotrovimab
2022-01-05,830,Sotrovimab
2022-01-06,910,Sotrovimab
2022-01-07,1000,Sotrovimab
2022-01-08,1050,Sotrovimab
2022-01-09,1090,Sotrovimab
2022-01-10,1150,Sotrovimab
2022-01-11,1220,Sotrovimab
2022-01-12,1290,Sotrovimab
2022-01-13,1370,Sotrovimab
2022-01-14,1450,Sotrovimab
2022-01-15,1490,Sotrovimab
2022-01-16,1510,Sotrovimab
2022-01-17,1560,Sotrovimab
2022-01-18,1620,Sotrovimab
2022-01-19,1680,Sotrovimab
2022-01-20,1750,Sotrovimab
2022-01-21,1820,Sotrovimab
2022-01-22,1890,Sotrovimab
2022-01-23,1930,Sotrovimab
2022-01-24,1990,Sotrovimab
2022-01-25,2060,Sotrovimab
2022-01-26,2150,Sotrovimab
2022-01-27,2220,Sotrovimab
2022-01-28,2290,Sotrovimab
2022-01-29,2350,Sotrovimab
2022-01-30,2390,Sotrovimab
2022-01-31,2480,Sotrovimab
2022-02-01,2550,Sotrovimab
2022-02-02,2640,Sotrovimab
2022-02-03,2720,Sotrovimab
2022-02-04,2820,Sotrovimab
2022-02-05,2890,Sotrovimab
2022-02-06,2920,Sotrovimab
2022-02-07,3000,Sotrovimab
2022-02-08,3070,Sotrovimab
2022-02-09,3150,Sotrovimab
2022-02-10,3220,Sotrovimab
2022-02-11,3290,Sotrovimab
2022-02-12,3330,Sotrovimab
2022-02-13,3360,Sotrovimab
2022-02-14,3420,Sotrovimab
2022-02-15,3480,Sotrovimab
2022-02-16,3550,Sotrovimab
2022-02-17,3630,Sotrovimab
2022-02-18,3710,Sotrovimab
2022-02-19,3750,Sotrovimab
2022-02-20,3790,Sotrovimab
2022-02-21,3860,Sotrovimab
2022-02-22,3920,Sotrovimab
2022-02-23,3980,Sotrovimab
2022-02-24,4040,Sotrovimab
2022-02-25,4120,Sotrovimab
2022-02-26,4160,Sotrovimab
2022-02-27,4180,Sotrovimab
2022-02-28,4230,Sotrovimab
2022-03-01,4300,Sotrovimab
2022-03-02,4370,Sotrovimab
2022-03-03,4430,Sotrovimab
2022-03-04,4500,Sotrovimab
2022-03-05,4550,Sotrovimab
2022-03-06,4580,Sotrovimab
2022-03-07,4680,Sotrovimab
2022-03-08,4770,Sotrovimab
2022-03-09,4880,Sotrovimab
2022-03-10,4980,Sotrovimab
2022-03-11,5110,Sotrovimab
2022-03-12,5190,Sotrovimab
2022-03-13,5230,Sotrovimab
2022-03-14,5340,Sotrovimab
2022-03-15,5460,Sotrovimab
2022-03-16,5600,Sotrovimab
2022-03-17,5710,Sotrovimab
2022-03-18,5860,Sotrovimab
2022-03-19,5910,Sotrovimab
2022-03-20,5950,Sotrovimab
2022-03-21,6060,Sotrovimab
2022-03-22,6190,Sotrovimab
2022-03-23,6320,Sotrovimab
2022-03-24,6480,Sotrovimab
2022-03-25,6620,Sotrovimab
2022-03-26,6700,Sotrovimab
2022-03-27,6750,Sotrovimab
2022-03-28,6890,Sotrovimab
2022-03-29,7020,Sotrovimab
2022-03-30,7150,Sotrovimab
2022-03-31,7280,Sotrovimab
2022-04-01,7440,Sotrovimab
2022-04-02,7540,Sotrovimab
2022-04-03,7600,Sotrovimab
2022-04-04,7730,Sotrovimab
2022-04-05,7870,Sotrovimab
2022-04-06,7980,Sotrovimab
2022-04-07,8090,Sotrovimab
2022-04-08,8210,Sotrovimab
2022-04-09,8260,Sotrovimab
2022-04-10,8310,Sotrovimab
2022-04-11,8440,Sotrovimab
2022-04-12,8570,Sotrovimab
2022-04-13,8680,Sotrovimab
2022-04-14,8780,Sotrovimab
2022-04-15,8860,Sotrovimab
2022-04-16,8900,Sotrovimab
2022-04-17,8950,Sotrovimab
2022-04-18,9030,Sotrovimab
2022-04-19,9120,Sotrovimab
2022-04-20,9190,Sotrovimab
2022-04-21,9270,Sotrovimab
2022-04-22,9340,Sotrovimab
2022-04-23,9380,Sotrovimab
2022-04-24,9410,Sotrovimab
2022-04-25,9480,Sotrovimab
2022-04-26,9530,Sotrovimab
2022-04-27,9560,Sotrovimab
2022-04-28,9610,Sotrovimab
2022-04-29,9650,Sotrovimab
2022-04-30,9680,Sotrovimab
2022-05-01,9690,Sotrovimab
2022-05-02,9720,Sotrovimab
2022-05-03,9760,Sotrovimab
2022-05-04,9800,Sotrovimab
2022-05-05,9830,Sotrovimab
2022-05-06,9880,Sotrovimab
2022-05-07,9900,Sotrovimab
2022-05-08,9910,Sotrovimab
2022-05-09,9960,Sotrovimab
2022-05-10,9990,Sotrovimab
2022-05-11,10020,Sotrovimab
2022-05-12,10050,Sotrovimab
2022-05-13,10080,Sotrovimab
2022-05-14,10100,Sotrovimab
2022-05-15,10110,Sotrovimab
2022-05-16,10130,Sotrovimab
2022-05-17,10150,Sotrovimab
2022-05-18,10170,Sotrovimab
2022-05-19,10200,Sotrovimab
2022-05-20,10220,Sotrovimab
2022-05-21,10240,Sotrovimab
2022-05-22,10260,Sotrovimab
2022-05-23,10280,Sotrovimab
2022-05-24,10300,Sotrovimab
2022-05-25,10320,Sotrovimab
2022-05-26,10340,Sotrovimab
2022-05-27,10370,Sotrovimab
2022-05-28,10380,Sotrovimab
2022-05-29,10390,Sotrovimab
2022-05-30,10420,Sotrovimab
2022-05-31,10430,Sotrovimab
2022-06-01,10450,Sotrovimab
2022-06-02,10470,Sotrovimab
2022-06-03,10480,Sotrovimab
2022-06-04,10500,Sotrovimab
2022-06-05,10510,Sotrovimab
2022-06-06,10540,Sotrovimab
2022-06-07,10580,Sotrovimab
2022-06-08,10630,Sotrovimab
2022-06-09,10680,Sotrovimab
2022-06-10,10720,Sotrovimab
2022-06-11,10740,Sotrovimab
2022-06-12,10750,Sotrovimab
2022-06-13,10790,Sotrovimab
2022-06-14,10830,Sotrovimab
2022-06-15,10880,Sotrovimab
2022-06-16,10930,Sotrovimab
2022-06-17,10990,Sotrovimab
2022-06-18,11030,Sotrovimab
2022-06-19,11050,Sotrovimab
2022-06-20,11100,Sotrovimab
2022-06-21,11150,Sotrovimab
2022-06-22,11210,Sotrovimab
2022-06-23,11270,Sotrovimab
2022-06-24,11350,Sotrovimab
2022-06-25,11390,Sotrovimab
2022-06-26,11400,Sotrovimab
2022-06-27,11480,Sotrovimab
2022-06-28,11550,Sotrovimab
2022-06-29,11630,Sotrovimab
2022-06-30,11720,Sotrovimab
2022-07-01,11790,Sotrovimab
2022-07-02,11840,Sotrovimab
2022-07-03,11880,Sotrovimab
2022-07-04,11980,Sotrovimab
2022-07-05,12060,Sotrovimab
2022-07-06,12160,Sotrovimab
2022-07-07,12260,Sotrovimab
2022-07-08,12350,Sotrovimab
2022-07-09,12410,Sotrovimab
2022-07-10,12470,Sotrovimab
2022-07-11,12530,Sotrovimab
2022-07-12,12630,Sotrovimab
2022-07-13,12710,Sotrovimab
2022-07-14,12800,Sotrovimab
2022-07-15,12880,Sotrovimab
2022-07-16,12930,Sotrovimab
2022-07-17,12960,Sotrovimab
2022-07-18,13040,Sotrovimab
2022-07-19,13080,Sotrovimab
2022-07-20,13130,Sotrovimab
2022-07-21,13200,Sotrovimab
2022-07-22,13260,Sotrovimab
2022-07-23,13280,Sotrovimab
2022-07-24,13310,Sotrovimab
2022-07-25,13370,Sotrovimab
2022-07-26,13410,Sotrovimab
2022-07-27,13450,Sotrovimab
2022-07-28,13500,Sotrovimab
2022-07-29,13540,Sotrovimab
2022-07-30,13560,Sotrovimab
2022-07-31,13580,Sotrovimab
2022-08-01,13610,Sotrovimab
2022-08-02,13670,Sotrovimab
2022-08-03,13710,Sotrovimab
2022-08-04,13740,Sotrovimab
2022-08-05,13790,Sotrovimab
2022-08-06,13810,Sotrovimab
2022-08-07,13820,Sotrovimab
2022-08-08,13870,Sotrovimab
2022-08-09,13900,Sotrovimab
2022-08-10,13930,Sotrovimab
2022-08-11,13960,Sotrovimab
2022-08-12,14000,Sotrovimab
2022-08-13,14020,Sotrovimab
2022-08-14,14030,Sotrovimab
2022-08-15,14060,Sotrovimab
2022-08-16,14090,Sotrovimab
2022-08-17,14120,Sotrovimab
2022-08-18,14140,Sotrovimab
2022-08-19,14180,Sotrovimab
2022-08-20,14190,Sotrovimab
2022-08-21,14190,Sotrovimab
2022-08-22,14210,Sotrovimab
2022-08-23,14240,Sotrovimab
2022-08-24,14260,Sotrovimab
2022-08-25,14280,Sotrovimab
2022-08-26,14310,Sotrovimab
2022-08-27,14320,Sotrovimab
2022-08-28,14320,Sotrovimab
2022-08-29,14340,Sotrovimab
2022-08-30,14360,Sotrovimab
2022-08-31,14380,Sotrovimab
2022-09-01,14410,Sotrovimab
2022-09-02,14430,Sotrovimab
2022-09-03,14440,Sotrovimab
2022-09-04,14460,Sotrovimab
2022-09-05,14490,Sotrovimab
2022-09-06,14500,Sotrovimab
2022-09-07,14530,Sotrovimab
2022-09-08,14560,Sotrovimab
2022-09-09,14590,Sotrovimab
2022-09-10,14600,Sotrovimab
2022-09-11,14610,Sotrovimab
2022-09-12,14640,Sotrovimab
2022-09-13,14660,Sotrovimab
2022-09-14,14700,Sotrovimab
2022-09-15,14730,Sotrovimab
2022-09-16,14760,Sotrovimab
2022-09-17,14770,Sotrovimab
2022-09-18,14790,Sotrovimab
2022-09-19,14810,Sotrovimab
2022-09-20,14840,Sotrovimab
2022-09-21,14870,Sotrovimab
2022-09-22,14900,Sotrovimab
2022-09-23,14940,Sotrovimab
2022-09-24,14960,Sotrovimab
2022-09-25,14970,Sotrovimab
2022-09-26,15020,Sotrovimab
2022-09-27,15050,Sotrovimab
2022-09-28,15100,Sotrovimab
2022-09-29,15130,Sotrovimab
2022-09-30,15180,Sotrovimab
2022-10-01,15200,Sotrovimab
2022-10-02,15210,Sotrovimab
2022-10-03,15260,Sotrovimab
2022-10-04,15310,Sotrovimab
2022-10-05,15370,Sotrovimab
2022-10-06,15410,Sotrovimab
2022-10-07,15470,Sotrovimab
2022-10-08,15500,Sotrovimab
2022-10-09,15520,Sotrovimab
2022-10-10,15580,Sotrovimab
2022-10-11,15610,Sotrovimab
2022-10-12,15650,Sotrovimab
2022-10-13,15690,Sotrovimab
2022-10-14,15720,Sotrovimab
2022-10-15,15740,Sotrovimab
2022-10-16,15760,Sotrovimab
2022-10-17,15800,Sotrovimab
2022-10-18,15820,Sotrovimab
2022-10-19,15860,Sotrovimab
2022-10-20,15900,Sotrovimab
2022-10-21,15940,Sotrovimab
2022-10-22,15950,Sotrovimab
2022-10-23,15960,Sotrovimab
2022-10-24,16000,Sotrovimab
2022-10-25,16020,Sotrovimab
2022-10-26,16040,Sotrovimab
2022-10-27,16060,Sotrovimab
2022-10-28,16080,Sotrovimab
2022-10-29,16100,Sotrovimab
2022-10-30,16110,Sotrovimab
2022-10-31,16130,Sotrovimab
2022-11-01,16150,Sotrovimab
2022-11-02,16160,Sotrovimab
2022-11-03,16180,Sotrovimab
2022-11-04,16200,Sotrovimab
2022-11-05,16210,Sotrovimab
2022-11-06,16220,Sotrovimab
2022-11-07,16240,Sotrovimab
2022-11-08,16240,Sotrovimab
2022-11-09,16260,Sotrovimab
2022-11-10,16270,Sotrovimab
2022-11-11,16290,Sotrovimab
2022-11-12,16300,Sotrovimab
2022-11-13,16310,Sotrovimab
2022-11-14,16320,Sotrovimab
2022-11-15,16340,Sotrovimab
2022-11-16,16350,Sotrovimab
2022-11-17,16360,Sotrovimab
2022-11-18,16380,Sotrovimab
2022-11-19,16380,Sotrovimab
2022-11-20,16390,Sotrovimab
2022-11-21,16410,Sotrovimab
2022-11-22,16420,Sotrovimab
2022-11-23,16440,Sotrovimab
2022-11-24,16450,Sotrovimab
2022-11-25,16460,Sotrovimab
2022-11-26,16460,Sotrovimab
2022-11-27,16470,Sotrovimab
2022-11-28,16490,Sotrovimab
2022-11-29,16500,Sotrovimab
2022-11-30,16510,Sotrovimab
2022-12-01,16520,Sotrovimab
2022-12-02,16520,Sotrovimab
2022-12-03,16530,Sotrovimab
2022-12-04,16530,Sotrovimab
2022-12-05,16540,Sotrovimab
2022-12-06,16540,Sotrovimab
2022-12-07,16560,Sotrovimab
2022-12-08,16570,Sotrovimab
2022-12-09,16570,Sotrovimab
2022-12-10,16570,Sotrovimab
2022-12-11,16580,Sotrovimab
2022-12-12,16590,Sotrovimab
2022-12-13,16600,Sotrovimab
2022-12-14,16610,Sotrovimab
2022-12-15,16610,Sotrovimab
2022-12-16,16620,Sotrovimab
2022-12-17,16620,Sotrovimab
2022-12-18,16630,Sotrovimab
2022-12-19,16640,Sotrovimab
2022-12-20,16650,Sotrovimab
2022-12-21,16660,Sotrovimab
2022-12-22,16670,Sotrovimab
2022-12-23,16680,Sotrovimab
2022-12-24,16690,Sotrovimab
2022-12-25,16690,Sotrovimab
2022-12-26,16700,Sotrovimab
2022-12-27,16700,Sotrovimab
2022-12-28,16710,Sotrovimab
2022-12-29,16720,Sotrovimab
2022-12-30,16730,Sotrovimab
2022-12-31,16730,Sotrovimab
2023-01-01,16730,Sotrovimab
2023-01-02,16740,Sotrovimab
2023-01-03,16740,Sotrovimab
2023-01-04,16750,Sotrovimab
2023-01-05,16760,Sotrovimab
2023-01-06,16760,Sotrovimab
2023-01-07,16760,Sotrovimab
2023-01-08,16760,Sotrovimab
2023-01-09,16770,Sotrovimab
2023-01-10,16770,Sotrovimab
2023-01-11,16770,Sotrovimab
2023-01-12,16770,Sotrovimab
2023-01-13,16770,Sotrovimab
2023-01-14,16770,Sotrovimab
2023-01-15,16770,Sotrovimab
2023-01-16,16770,Sotrovimab
2023-01-17,16770,Sotrovimab
2023-01-18,16780,Sotrovimab
2023-01-19,16780,Sotrovimab
2023-01-20,16780,Sotrovimab
2023-01-21,16780,Sotrovimab
2023-01-22,16790,Sotrovimab
2023-01-23,16790,Sotrovimab
2023-01-24,16790,Sotrovimab
2023-01-25,16790,Sotrovimab
2023-01-26,16790,Sotrovimab
2023-01-27,16790,Sotrovimab
2023-01-28,16800,Sotrovimab
2023-01-29,16800,Sotrovimab
2023-01-30,16800,Sotrovimab
2023-01-31,16800,Sotrovimab
2023-02-01,16810,Sotrovimab
2023-02-02,16810,Sotrovimab
2023-02-03,16810,Sotrovimab
2023-02-04,16810,Sotrovimab
2023-02-05,16820,Sotrovimab
2023-02-06,16820,Sotrovimab
2023-02-07,16820,Sotrovimab
2023-02-08,16820,Sotrovimab
2023-02-09,16820,Sotrovimab
2023-02-10,16830,Sotrovimab
2023-02-11,16830,Sotrovimab
2023-02-12,16830,Sotrovimab
2023-02-13,16830,Sotrovimab
2023-02-14,16840,Sotrovimab
2023-02-15,16840,Sotrovimab
2023-02-16,16840,Sotrovimab
2023-02-17,16850,Sotrovimab
2023-02-18,16850,Sotrovimab
2023-02-19,16850,Sotrovimab
2023-02-20,16850,Sotrovimab
2023-02-21,16860,Sotrovimab
2023-02-22,16860,Sotrovimab
2023-02-23,16860,Sotrovimab
2023-02-24,16860,Sotrovimab
2023-02-25,16860,Sotrovimab
2023-02-26,16870,Sotrovimab
2023-02-27,16870,Sotrovimab
2023-02-28,16880,Sotrovimab
2023-03-01,16880,Sotrovimab
2023-03-02,16890,Sotrovimab
2023-03-03,16890,Sotrovimab
2023-03-04,16890,Sotrovimab
2023-03-05,16900,Sotrovimab
2023-03-06,16900,Sotrovimab
2023-03-07,16910,Sotrovimab
2023-03-08,16920,Sotrovimab
2023-03-09,16920,Sotrovimab
2023-03-10,16920,Sotrovimab
2023-03-11,16920,Sotrovimab
2023-03-12,16920,Sotrovimab
2023-03-13,16930,Sotrovimab
2023-03-14,16940,Sotrovimab
2023-03-15,16950,Sotrovimab
2023-03-16,16960,Sotrovimab
2023-03-17,16960,Sotrovimab
2023-03-18,16970,Sotrovimab
2023-03-19,16970,Sotrovimab
2023-03-20,16980,Sotrovimab
2023-03-21,16980,Sotrovimab
2023-03-22,16990,Sotrovimab
2023-03-23,17000,Sotrovimab
2023-03-24,17010,Sotrovimab
2023-03-25,17020,Sotrovimab
2023-03-26,17020,Sotrovimab
2023-03-27,17030,Sotrovimab
2023-03-28,17040,Sotrovimab
2023-03-29,17040,Sotrovimab
2023-03-30,17050,Sotrovimab
2023-03-31,17060,Sotrovimab
2023-04-01,17070,Sotrovimab
2023-04-02,17070,Sotrovimab
2023-04-03,17080,Sotrovimab
2023-04-04,17090,Sotrovimab
2023-04-05,17100,Sotrovimab
2023-04-06,17110,Sotrovimab
2023-04-07,17110,Sotrovimab
2023-04-08,17120,Sotrovimab
2023-04-09,17120,Sotrovimab
2023-04-10,17130,Sotrovimab
2023-04-11,17140,Sotrovimab
2023-04-12,17150,Sotrovimab
2023-04-13,17160,Sotrovimab
2023-04-14,17160,Sotrovimab
2023-04-15,17160,Sotrovimab
2023-04-16,17170,Sotrovimab
2023-04-17,17170,Sotrovimab
2023-04-18,17170,Sotrovimab
2023-04-19,17180,Sotrovimab
2023-04-20,17180,Sotrovimab
2023-04-21,17190,Sotrovimab
2023-04-22,17190,Sotrovimab
2023-04-23,17190,Sotrovimab
2023-04-24,17200,Sotrovimab
2023-04-25,17210,Sotrovimab
2023-04-26,17210,Sotrovimab
2023-04-27,17220,Sotrovimab
2023-04-28,17230,Sotrovimab
2023-04-29,17230,Sotrovimab
2023-04-30,17230,Sotrovimab
2023-05-01,17240,Sotrovimab
2023-05-02,17240,Sotrovimab
2023-05-03,17250,Sotrovimab
2023-05-04,17260,Sotrovimab
2023-05-05,17270,Sotrovimab
2023-05-06,17270,Sotrovimab
2023-05-07,17270,Sotrovimab
2023-05-08,17280,Sotrovimab
2023-05-09,17280,Sotrovimab
2023-05-10,17290,Sotrovimab
2023-05-11,17290,Sotrovimab
2023-05-12,17300,Sotrovimab
2023-05-13,17300,Sotrovimab
2023-05-14,17310,Sotrovimab
2023-05-15,17320,Sotrovimab
2023-05-16,17320,Sotrovimab
2023-05-17,17320,Sotrovimab
2023-05-18,17330,Sotrovimab
2023-05-19,17330,Sotrovimab
2023-05-20,17330,Sotrovimab
2023-05-21,17330,Sotrovimab
2023-05-22,17340,Sotrovimab
2023-05-23,17340,Sotrovimab
2023-05-24,17350,Sotrovimab
2023-05-25,17350,Sotrovimab
2023-05-26,17350,Sotrovimab
2023-05-27,17350,Sotrovimab
2023-05-28,17350,Sotrovimab
2023-05-29,17360,Sotrovimab
2023-05-30,17360,Sotrovimab
2023-05-31,17360,Sotrovimab
2023-06-01,17370,Sotrovimab
2023-06-02,17370,Sotrovimab
2023-06-03,17370,Sotrovimab
2023-06-04,17380,Sotrovimab
2023-06-05,17380,Sotrovimab
2023-06-06,17380,Sotrovimab
2023-06-07,17390,Sotrovimab
2023-06-08,17390,Sotrovimab
2023-06-09,17390,Sotrovimab
2023-06-10,17390,Sotrovimab
2023-06-11,17390,Sotrovimab
2023-06-12,17400,Sotrovimab
2023-06-13,17400,Sotrovimab
2023-06-14,17400,Sotrovimab
2023-06-15,17400,Sotrovimab
2023-06-16,17410,Sotrovimab
2023-06-17,17410,Sotrovimab
2023-06-18,17410,Sotrovimab
2023-06-19,17410,Sotrovimab
2023-06-20,17410,Sotrovimab
2023-06-21,17410,Sotrovimab
2023-06-22,17420,Sotrovimab
2023-06-23,17420,Sotrovimab
2023-06-24,17420,Sotrovimab
2023-06-25,17420,Sotrovimab
2023-06-26,17420,Sotrovimab
2023-06-27,17420,Sotrovimab
2023-06-28,17420,Sotrovimab
2023-06-29,17420,Sotrovimab
2023-06-30,17420,Sotrovimab
2023-07-01,17420,Sotrovimab
2023-07-02,17420,Sotrovimab
2023-07-03,17420,Sotrovimab
2023-07-04,17420,Sotrovimab
2023-07-05,17420,Sotrovimab
2023-07-06,17420,Sotrovimab
2023-07-07,17420,Sotrovimab
2023-07-08,17420,Sotrovimab
2023-07-09,17420,Sotrovimab
2023-07-10,17420,Sotrovimab
2023-07-11,17420,Sotrovimab
2023-07-12,17420,Sotrovimab
2023-07-13,17420,Sotrovimab
2023-07-14,17420,Sotrovimab
2023-07-15,17420,Sotrovimab
2023-07-16,17420,Sotrovimab
2023-07-17,17420,Sotrovimab
2023-07-18,17420,Sotrovimab
2023-07-19,17420,Sotrovimab
2023-07-20,17420,Sotrovimab
2023-07-21,17420,Sotrovimab
2023-07-22,17420,Sotrovimab
2023-07-23,17420,Sotrovimab
2023-07-24,17420,Sotrovimab
2023-07-25,17420,Sotrovimab
2023-07-26,17420,Sotrovimab
2023-07-27,17420,Sotrovimab
2023-07-28,17420,Sotrovimab
2023-07-29,17420,Sotrovimab
2023-07-30,17420,Sotrovimab
2023-07-31,17420,Sotrovimab
2023-08-01,17420,Sotrovimab
2023-08-02,17420,Sotrovimab
2023-08-03,17420,Sotrovimab
2023-08-04,17420,Sotrovimab
2023-08-05,17420,Sotrovimab
2023-08-06,17420,Sotrovimab
2023-08-07,17420,Sotrovimab
2023-08-08,17420,Sotrovimab
2023-08-09,17420,Sotrovimab
2023-08-10,17420,Sotrovimab
2023-08-11,17420,Sotrovimab
2023-08-12,17420,Sotrovimab
2023-08-13,17420,Sotrovimab
2023-08-14,17420,Sotrovimab
2023-08-15,17420,Sotrovimab
2023-08-16,17420,Sotrovimab
2023-08-17,17420,Sotrovimab
2023-08-18,17420,Sotrovimab
2023-08-19,17420,Sotrovimab
2023-08-20,17420,Sotrovimab
2023-08-21,17420,Sotrovimab
2023-08-22,17420,Sotrovimab
2023-08-23,17420,Sotrovimab
2023-08-24,17420,Sotrovimab
2023-08-25,17420,Sotrovimab
2023-08-26,17420,Sotrovimab
2023-08-27,17420,Sotrovimab
2023-08-28,17420,Sotrovimab
2023-08-29,17420,Sotrovimab
2023-08-30,17420,Sotrovimab
2023-08-31,17420,Sotrovimab
2023-09-01,17420,Sotrovimab
2023-09-02,17420,Sotrovimab
2023-09-03,17420,Sotrovimab
2023-09-04,17420,Sotrovimab
2023-09-05,17420,Sotrovimab
2023-09-06,17420,Sotrovimab
2023-09-07,17420,Sotrovimab
2023-09-08,17420,Sotrovimab
2023-09-09,17420,Sotrovimab
2023-09-10,17420,Sotrovimab
2023-09-11,17420,Sotrovimab
2023-09-12,17420,Sotrovimab
2023-09-13,17420,Sotrovimab
2023-09-14,17420,Sotrovimab
2023-09-15,17420,Sotrovimab
2023-09-16,17420,Sotrovimab
2023-09-17,17420,Sotrovimab
2023-09-18,17420,Sotrovimab
2023-09-19,17420,Sotrovimab
2023-09-20,17420,Sotrovimab
2023-09-21,17420,Sotrovimab
2023-09-22,17420,Sotrovimab
2023-09-23,17420,Sotrovimab
2023-09-24,17420,Sotrovimab
2023-09-25,17420,Sotrovimab
2023-09-26,17420,Sotrovimab
2023-09-27,17420,Sotrovimab
2023-09-28,17420,Sotrovimab
2023-09-29,17420,Sotrovimab
2023-09-30,17420,Sotrovimab
2023-10-01,17420,Sotrovimab
2023-10-02,17420,Sotrovimab
2023-10-03,17420,Sotrovimab
2023-10-04,17420,Sotrovimab
2023-10-05,17420,Sotrovimab
2023-10-06,17420,Sotrovimab
2023-10-07,17420,Sotrovimab
2023-10-08,17420,Sotrovimab
2023-10-09,17420,Sotrovimab
2023-10-10,17420,Sotrovimab
2023-10-11,17420,Sotrovimab
2023-10-12,17420,Sotrovimab
2023-10-13,17420,Sotrovimab
2023-10-14,17420,Sotrovimab
2023-10-15,17420,Sotrovimab
2023-10-16,17420,Sotrovimab
2023-10-17,17420,Sotrovimab
