treatment_date,cum_count_redacted,treatment_type
2021-12-16,10,All
2021-12-17,50,All
2021-12-18,90,All
2021-12-19,120,All
2021-12-20,180,All
2021-12-21,240,All
2021-12-22,310,All
2021-12-23,400,All
2021-12-24,560,All
2021-12-25,580,All
2021-12-26,640,All
2021-12-27,720,All
2021-12-28,810,All
2021-12-29,950,All
2021-12-30,1100,All
2021-12-31,1350,All
2022-01-01,1440,All
2022-01-02,1560,All
2022-01-03,1690,All
2022-01-04,1850,All
2022-01-05,2000,All
2022-01-06,2150,All
2022-01-07,2320,All
2022-01-08,2440,All
2022-01-09,2500,All
2022-01-10,2620,All
2022-01-11,2730,All
2022-01-12,2850,All
2022-01-13,2990,All
2022-01-14,3100,All
2022-01-15,3170,All
2022-01-16,3230,All
2022-01-17,3320,All
2022-01-18,3410,All
2022-01-19,3510,All
2022-01-20,3620,All
2022-01-21,3750,All
2022-01-22,3850,All
2022-01-23,3900,All
2022-01-24,4010,All
2022-01-25,4110,All
2022-01-26,4240,All
2022-01-27,4350,All
2022-01-28,4460,All
2022-01-29,4570,All
2022-01-30,4620,All
2022-01-31,4780,All
2022-02-01,4870,All
2022-02-02,4990,All
2022-02-03,5110,All
2022-02-04,5260,All
2022-02-05,5350,All
2022-02-06,5410,All
2022-02-07,5510,All
2022-02-08,5610,All
2022-02-09,5710,All
2022-02-10,5800,All
2022-02-11,5900,All
2022-02-12,5980,All
2022-02-13,6030,All
2022-02-14,6120,All
2022-02-15,6220,All
2022-02-16,6330,All
2022-02-17,6470,All
2022-02-18,6610,All
2022-02-19,6680,All
2022-02-20,6720,All
2022-02-21,6840,All
2022-02-22,6950,All
2022-02-23,7060,All
2022-02-24,7160,All
2022-02-25,7280,All
2022-02-26,7350,All
2022-02-27,7380,All
2022-02-28,7480,All
2022-03-01,7590,All
2022-03-02,7700,All
2022-03-03,7810,All
2022-03-04,7970,All
2022-03-05,8050,All
2022-03-06,8120,All
2022-03-07,8260,All
2022-03-08,8440,All
2022-03-09,8620,All
2022-03-10,8820,All
2022-03-11,9080,All
2022-03-12,9240,All
2022-03-13,9350,All
2022-03-14,9560,All
2022-03-15,9790,All
2022-03-16,10040,All
2022-03-17,10270,All
2022-03-18,10570,All
2022-03-19,10720,All
2022-03-20,10840,All
2022-03-21,11090,All
2022-03-22,11380,All
2022-03-23,11640,All
2022-03-24,11980,All
2022-03-25,12300,All
2022-03-26,12460,All
2022-03-27,12580,All
2022-03-28,12890,All
2022-03-29,13170,All
2022-03-30,13470,All
2022-03-31,13750,All
2022-04-01,14060,All
2022-04-02,14250,All
2022-04-03,14370,All
2022-04-04,14630,All
2022-04-05,14920,All
2022-04-06,15170,All
2022-04-07,15410,All
2022-04-08,15710,All
2022-04-09,15870,All
2022-04-10,15990,All
2022-04-11,16250,All
2022-04-12,16520,All
2022-04-13,16780,All
2022-04-14,17010,All
2022-04-15,17200,All
2022-04-16,17310,All
2022-04-17,17400,All
2022-04-18,17550,All
2022-04-19,17750,All
2022-04-20,17910,All
2022-04-21,18070,All
2022-04-22,18220,All
2022-04-23,18290,All
2022-04-24,18350,All
2022-04-25,18480,All
2022-04-26,18580,All
2022-04-27,18660,All
2022-04-28,18730,All
2022-04-29,18840,All
2022-04-30,18900,All
2022-05-01,18930,All
2022-05-02,18980,All
2022-05-03,19060,All
2022-05-04,19140,All
2022-05-05,19220,All
2022-05-06,19310,All
2022-05-07,19360,All
2022-05-08,19390,All
2022-05-09,19470,All
2022-05-10,19540,All
2022-05-11,19600,All
2022-05-12,19660,All
2022-05-13,19720,All
2022-05-14,19750,All
2022-05-15,19780,All
2022-05-16,19840,All
2022-05-17,19890,All
2022-05-18,19950,All
2022-05-19,19990,All
2022-05-20,20040,All
2022-05-21,20080,All
2022-05-22,20100,All
2022-05-23,20160,All
2022-05-24,20210,All
2022-05-25,20250,All
2022-05-26,20300,All
2022-05-27,20360,All
2022-05-28,20380,All
2022-05-29,20400,All
2022-05-30,20470,All
2022-05-31,20510,All
2022-06-01,20570,All
2022-06-02,20610,All
2022-06-03,20650,All
2022-06-04,20680,All
2022-06-05,20720,All
2022-06-06,20790,All
2022-06-07,20870,All
2022-06-08,20990,All
2022-06-09,21100,All
2022-06-10,21210,All
2022-06-11,21270,All
2022-06-12,21320,All
2022-06-13,21410,All
2022-06-14,21530,All
2022-06-15,21650,All
2022-06-16,21780,All
2022-06-17,21930,All
2022-06-18,22040,All
2022-06-19,22100,All
2022-06-20,22210,All
2022-06-21,22320,All
2022-06-22,22490,All
2022-06-23,22640,All
2022-06-24,22840,All
2022-06-25,22940,All
2022-06-26,23030,All
2022-06-27,23200,All
2022-06-28,23370,All
2022-06-29,23590,All
2022-06-30,23800,All
2022-07-01,24020,All
2022-07-02,24180,All
2022-07-03,24290,All
2022-07-04,24540,All
2022-07-05,24790,All
2022-07-06,25060,All
2022-07-07,25310,All
2022-07-08,25580,All
2022-07-09,25760,All
2022-07-10,25900,All
2022-07-11,26100,All
2022-07-12,26340,All
2022-07-13,26560,All
2022-07-14,26770,All
2022-07-15,27000,All
2022-07-16,27140,All
2022-07-17,27210,All
2022-07-18,27420,All
2022-07-19,27570,All
2022-07-20,27710,All
2022-07-21,27850,All
2022-07-22,28000,All
2022-07-23,28080,All
2022-07-24,28130,All
2022-07-25,28250,All
2022-07-26,28380,All
2022-07-27,28500,All
2022-07-28,28610,All
2022-07-29,28720,All
2022-07-30,28770,All
2022-07-31,28810,All
2022-08-01,28920,All
2022-08-02,29040,All
2022-08-03,29120,All
2022-08-04,29200,All
2022-08-05,29300,All
2022-08-06,29350,All
2022-08-07,29380,All
2022-08-08,29480,All
2022-08-09,29570,All
2022-08-10,29630,All
2022-08-11,29710,All
2022-08-12,29790,All
2022-08-13,29830,All
2022-08-14,29850,All
2022-08-15,29930,All
2022-08-16,29990,All
2022-08-17,30060,All
2022-08-18,30120,All
2022-08-19,30200,All
2022-08-20,30220,All
2022-08-21,30240,All
2022-08-22,30300,All
2022-08-23,30340,All
2022-08-24,30390,All
2022-08-25,30440,All
2022-08-26,30500,All
2022-08-27,30540,All
2022-08-28,30560,All
2022-08-29,30590,All
2022-08-30,30640,All
2022-08-31,30700,All
2022-09-01,30760,All
2022-09-02,30820,All
2022-09-03,30850,All
2022-09-04,30890,All
2022-09-05,30960,All
2022-09-06,31010,All
2022-09-07,31080,All
2022-09-08,31140,All
2022-09-09,31210,All
2022-09-10,31230,All
2022-09-11,31250,All
2022-09-12,31330,All
2022-09-13,31390,All
2022-09-14,31460,All
2022-09-15,31530,All
2022-09-16,31590,All
2022-09-17,31630,All
2022-09-18,31670,All
2022-09-19,31730,All
2022-09-20,31800,All
2022-09-21,31900,All
2022-09-22,32020,All
2022-09-23,32130,All
2022-09-24,32180,All
2022-09-25,32220,All
2022-09-26,32340,All
2022-09-27,32460,All
2022-09-28,32580,All
2022-09-29,32690,All
2022-09-30,32840,All
2022-10-01,32890,All
2022-10-02,32960,All
2022-10-03,33110,All
2022-10-04,33260,All
2022-10-05,33420,All
2022-10-06,33550,All
2022-10-07,33710,All
2022-10-08,33790,All
2022-10-09,33870,All
2022-10-10,34030,All
2022-10-11,34120,All
2022-10-12,34270,All
2022-10-13,34370,All
2022-10-14,34500,All
2022-10-15,34580,All
2022-10-16,34630,All
2022-10-17,34750,All
2022-10-18,34830,All
2022-10-19,34950,All
2022-10-20,35060,All
2022-10-21,35160,All
2022-10-22,35200,All
2022-10-23,35230,All
2022-10-24,35330,All
2022-10-25,35400,All
2022-10-26,35480,All
2022-10-27,35550,All
2022-10-28,35610,All
2022-10-29,35660,All
2022-10-30,35680,All
2022-10-31,35750,All
2022-11-01,35810,All
2022-11-02,35860,All
2022-11-03,35910,All
2022-11-04,35970,All
2022-11-05,36010,All
2022-11-06,36020,All
2022-11-07,36070,All
2022-11-08,36110,All
2022-11-09,36150,All
2022-11-10,36180,All
2022-11-11,36220,All
2022-11-12,36240,All
2022-11-13,36260,All
2022-11-14,36310,All
2022-11-15,36340,All
2022-11-16,36380,All
2022-11-17,36420,All
2022-11-18,36460,All
2022-11-19,36480,All
2022-11-20,36510,All
2022-11-21,36560,All
2022-11-22,36590,All
2022-11-23,36640,All
2022-11-24,36690,All
2022-11-25,36730,All
2022-11-26,36750,All
2022-11-27,36780,All
2022-11-28,36840,All
2022-11-29,36900,All
2022-11-30,36950,All
2022-12-01,37000,All
2022-12-02,37040,All
2022-12-03,37060,All
2022-12-04,37090,All
2022-12-05,37150,All
2022-12-06,37210,All
2022-12-07,37280,All
2022-12-08,37350,All
2022-12-09,37410,All
2022-12-10,37450,All
2022-12-11,37470,All
2022-12-12,37560,All
2022-12-13,37620,All
2022-12-14,37720,All
2022-12-15,37800,All
2022-12-16,37910,All
2022-12-17,37960,All
2022-12-18,38010,All
2022-12-19,38130,All
2022-12-20,38260,All
2022-12-21,38360,All
2022-12-22,38470,All
2022-12-23,38600,All
2022-12-24,38680,All
2022-12-25,38700,All
2022-12-26,38760,All
2022-12-27,38820,All
2022-12-28,38930,All
2022-12-29,39030,All
2022-12-30,39150,All
2022-12-31,39230,All
2023-01-01,39260,All
2023-01-02,39330,All
2023-01-03,39400,All
2023-01-04,39480,All
2023-01-05,39550,All
2023-01-06,39600,All
2023-01-07,39630,All
2023-01-08,39650,All
2023-01-09,39690,All
2023-01-10,39730,All
2023-01-11,39750,All
2023-01-12,39780,All
2023-01-13,39790,All
2023-01-14,39800,All
2023-01-15,39810,All
2023-01-16,39830,All
2023-01-17,39860,All
2023-01-18,39870,All
2023-01-19,39870,All
2023-01-20,39870,All
2021-12-16,NA,Casirivimab
2021-12-17,10,Casirivimab
2021-12-18,30,Casirivimab
2021-12-19,30,Casirivimab
2021-12-20,40,Casirivimab
2021-12-21,40,Casirivimab
2021-12-22,40,Casirivimab
2021-12-23,40,Casirivimab
2021-12-24,40,Casirivimab
2021-12-25,50,Casirivimab
2021-12-26,50,Casirivimab
2021-12-27,50,Casirivimab
2021-12-28,50,Casirivimab
2021-12-29,50,Casirivimab
2021-12-16,10,Molnupiravir
2021-12-17,40,Molnupiravir
2021-12-18,60,Molnupiravir
2021-12-19,90,Molnupiravir
2021-12-20,130,Molnupiravir
2021-12-21,170,Molnupiravir
2021-12-22,210,Molnupiravir
2021-12-23,260,Molnupiravir
2021-12-24,350,Molnupiravir
2021-12-25,370,Molnupiravir
2021-12-26,410,Molnupiravir
2021-12-27,450,Molnupiravir
2021-12-28,500,Molnupiravir
2021-12-29,580,Molnupiravir
2021-12-30,660,Molnupiravir
2021-12-31,800,Molnupiravir
2022-01-01,860,Molnupiravir
2022-01-02,920,Molnupiravir
2022-01-03,990,Molnupiravir
2022-01-04,1060,Molnupiravir
2022-01-05,1130,Molnupiravir
2022-01-06,1210,Molnupiravir
2022-01-07,1280,Molnupiravir
2022-01-08,1350,Molnupiravir
2022-01-09,1370,Molnupiravir
2022-01-10,1440,Molnupiravir
2022-01-11,1480,Molnupiravir
2022-01-12,1530,Molnupiravir
2022-01-13,1580,Molnupiravir
2022-01-14,1620,Molnupiravir
2022-01-15,1650,Molnupiravir
2022-01-16,1680,Molnupiravir
2022-01-17,1720,Molnupiravir
2022-01-18,1750,Molnupiravir
2022-01-19,1790,Molnupiravir
2022-01-20,1830,Molnupiravir
2022-01-21,1890,Molnupiravir
2022-01-22,1910,Molnupiravir
2022-01-23,1930,Molnupiravir
2022-01-24,1970,Molnupiravir
2022-01-25,2000,Molnupiravir
2022-01-26,2040,Molnupiravir
2022-01-27,2080,Molnupiravir
2022-01-28,2120,Molnupiravir
2022-01-29,2160,Molnupiravir
2022-01-30,2180,Molnupiravir
2022-01-31,2230,Molnupiravir
2022-02-01,2260,Molnupiravir
2022-02-02,2300,Molnupiravir
2022-02-03,2330,Molnupiravir
2022-02-04,2380,Molnupiravir
2022-02-05,2410,Molnupiravir
2022-02-06,2430,Molnupiravir
2022-02-07,2460,Molnupiravir
2022-02-08,2480,Molnupiravir
2022-02-09,2500,Molnupiravir
2022-02-10,2520,Molnupiravir
2022-02-11,2530,Molnupiravir
2022-02-12,2550,Molnupiravir
2022-02-13,2560,Molnupiravir
2022-02-14,2570,Molnupiravir
2022-02-15,2580,Molnupiravir
2022-02-16,2600,Molnupiravir
2022-02-17,2620,Molnupiravir
2022-02-18,2630,Molnupiravir
2022-02-19,2650,Molnupiravir
2022-02-20,2650,Molnupiravir
2022-02-21,2660,Molnupiravir
2022-02-22,2680,Molnupiravir
2022-02-23,2700,Molnupiravir
2022-02-24,2710,Molnupiravir
2022-02-25,2720,Molnupiravir
2022-02-26,2720,Molnupiravir
2022-02-27,2730,Molnupiravir
2022-02-28,2740,Molnupiravir
2022-03-01,2760,Molnupiravir
2022-03-02,2770,Molnupiravir
2022-03-03,2790,Molnupiravir
2022-03-04,2820,Molnupiravir
2022-03-05,2830,Molnupiravir
2022-03-06,2840,Molnupiravir
2022-03-07,2850,Molnupiravir
2022-03-08,2870,Molnupiravir
2022-03-09,2890,Molnupiravir
2022-03-10,2920,Molnupiravir
2022-03-11,2960,Molnupiravir
2022-03-12,2990,Molnupiravir
2022-03-13,3010,Molnupiravir
2022-03-14,3030,Molnupiravir
2022-03-15,3060,Molnupiravir
2022-03-16,3100,Molnupiravir
2022-03-17,3130,Molnupiravir
2022-03-18,3190,Molnupiravir
2022-03-19,3220,Molnupiravir
2022-03-20,3250,Molnupiravir
2022-03-21,3290,Molnupiravir
2022-03-22,3330,Molnupiravir
2022-03-23,3370,Molnupiravir
2022-03-24,3420,Molnupiravir
2022-03-25,3490,Molnupiravir
2022-03-26,3520,Molnupiravir
2022-03-27,3530,Molnupiravir
2022-03-28,3570,Molnupiravir
2022-03-29,3610,Molnupiravir
2022-03-30,3660,Molnupiravir
2022-03-31,3720,Molnupiravir
2022-04-01,3760,Molnupiravir
2022-04-02,3780,Molnupiravir
2022-04-03,3800,Molnupiravir
2022-04-04,3840,Molnupiravir
2022-04-05,3890,Molnupiravir
2022-04-06,3930,Molnupiravir
2022-04-07,3960,Molnupiravir
2022-04-08,4010,Molnupiravir
2022-04-09,4040,Molnupiravir
2022-04-10,4060,Molnupiravir
2022-04-11,4100,Molnupiravir
2022-04-12,4150,Molnupiravir
2022-04-13,4200,Molnupiravir
2022-04-14,4240,Molnupiravir
2022-04-15,4280,Molnupiravir
2022-04-16,4300,Molnupiravir
2022-04-17,4310,Molnupiravir
2022-04-18,4330,Molnupiravir
2022-04-19,4360,Molnupiravir
2022-04-20,4390,Molnupiravir
2022-04-21,4420,Molnupiravir
2022-04-22,4440,Molnupiravir
2022-04-23,4450,Molnupiravir
2022-04-24,4460,Molnupiravir
2022-04-25,4470,Molnupiravir
2022-04-26,4480,Molnupiravir
2022-04-27,4490,Molnupiravir
2022-04-28,4500,Molnupiravir
2022-04-29,4520,Molnupiravir
2022-04-30,4530,Molnupiravir
2022-05-01,4540,Molnupiravir
2022-05-02,4540,Molnupiravir
2022-05-03,4540,Molnupiravir
2022-05-04,4550,Molnupiravir
2022-05-05,4560,Molnupiravir
2022-05-06,4570,Molnupiravir
2022-05-07,4580,Molnupiravir
2022-05-08,4590,Molnupiravir
2022-05-09,4600,Molnupiravir
2022-05-10,4600,Molnupiravir
2022-05-11,4600,Molnupiravir
2022-05-12,4610,Molnupiravir
2022-05-13,4620,Molnupiravir
2022-05-14,4620,Molnupiravir
2022-05-15,4630,Molnupiravir
2022-05-16,4630,Molnupiravir
2022-05-17,4640,Molnupiravir
2022-05-18,4640,Molnupiravir
2022-05-19,4650,Molnupiravir
2022-05-20,4650,Molnupiravir
2022-05-21,4660,Molnupiravir
2022-05-22,4660,Molnupiravir
2022-05-23,4660,Molnupiravir
2022-05-24,4670,Molnupiravir
2022-05-25,4670,Molnupiravir
2022-05-26,4670,Molnupiravir
2022-05-27,4680,Molnupiravir
2022-05-28,4680,Molnupiravir
2022-05-29,4680,Molnupiravir
2022-05-30,4690,Molnupiravir
2022-05-31,4690,Molnupiravir
2022-06-01,4700,Molnupiravir
2022-06-02,4710,Molnupiravir
2022-06-03,4720,Molnupiravir
2022-06-04,4720,Molnupiravir
2022-06-05,4730,Molnupiravir
2022-06-06,4740,Molnupiravir
2022-06-07,4750,Molnupiravir
2022-06-08,4760,Molnupiravir
2022-06-09,4770,Molnupiravir
2022-06-10,4790,Molnupiravir
2022-06-11,4800,Molnupiravir
2022-06-12,4810,Molnupiravir
2022-06-13,4820,Molnupiravir
2022-06-14,4830,Molnupiravir
2022-06-15,4860,Molnupiravir
2022-06-16,4880,Molnupiravir
2022-06-17,4910,Molnupiravir
2022-06-18,4920,Molnupiravir
2022-06-19,4930,Molnupiravir
2022-06-20,4940,Molnupiravir
2022-06-21,4960,Molnupiravir
2022-06-22,4980,Molnupiravir
2022-06-23,4990,Molnupiravir
2022-06-24,5020,Molnupiravir
2022-06-25,5040,Molnupiravir
2022-06-26,5050,Molnupiravir
2022-06-27,5070,Molnupiravir
2022-06-28,5090,Molnupiravir
2022-06-29,5120,Molnupiravir
2022-06-30,5140,Molnupiravir
2022-07-01,5180,Molnupiravir
2022-07-02,5210,Molnupiravir
2022-07-03,5240,Molnupiravir
2022-07-04,5260,Molnupiravir
2022-07-05,5290,Molnupiravir
2022-07-06,5340,Molnupiravir
2022-07-07,5370,Molnupiravir
2022-07-08,5430,Molnupiravir
2022-07-09,5460,Molnupiravir
2022-07-10,5480,Molnupiravir
2022-07-11,5510,Molnupiravir
2022-07-12,5550,Molnupiravir
2022-07-13,5580,Molnupiravir
2022-07-14,5610,Molnupiravir
2022-07-15,5640,Molnupiravir
2022-07-16,5680,Molnupiravir
2022-07-17,5690,Molnupiravir
2022-07-18,5720,Molnupiravir
2022-07-19,5750,Molnupiravir
2022-07-20,5760,Molnupiravir
2022-07-21,5780,Molnupiravir
2022-07-22,5800,Molnupiravir
2022-07-23,5810,Molnupiravir
2022-07-24,5810,Molnupiravir
2022-07-25,5830,Molnupiravir
2022-07-26,5850,Molnupiravir
2022-07-27,5870,Molnupiravir
2022-07-28,5880,Molnupiravir
2022-07-29,5900,Molnupiravir
2022-07-30,5900,Molnupiravir
2022-07-31,5900,Molnupiravir
2022-08-01,5920,Molnupiravir
2022-08-02,5940,Molnupiravir
2022-08-03,5940,Molnupiravir
2022-08-04,5960,Molnupiravir
2022-08-05,5970,Molnupiravir
2022-08-06,5970,Molnupiravir
2022-08-07,5980,Molnupiravir
2022-08-08,5990,Molnupiravir
2022-08-09,6000,Molnupiravir
2022-08-10,6010,Molnupiravir
2022-08-11,6020,Molnupiravir
2022-08-12,6030,Molnupiravir
2022-08-13,6030,Molnupiravir
2022-08-14,6040,Molnupiravir
2022-08-15,6050,Molnupiravir
2022-08-16,6060,Molnupiravir
2022-08-17,6070,Molnupiravir
2022-08-18,6080,Molnupiravir
2022-08-19,6090,Molnupiravir
2022-08-20,6090,Molnupiravir
2022-08-21,6100,Molnupiravir
2022-08-22,6100,Molnupiravir
2022-08-23,6110,Molnupiravir
2022-08-24,6110,Molnupiravir
2022-08-25,6120,Molnupiravir
2022-08-26,6120,Molnupiravir
2022-08-27,6130,Molnupiravir
2022-08-28,6140,Molnupiravir
2022-08-29,6140,Molnupiravir
2022-08-30,6150,Molnupiravir
2022-08-31,6160,Molnupiravir
2022-09-01,6170,Molnupiravir
2022-09-02,6180,Molnupiravir
2022-09-03,6190,Molnupiravir
2022-09-04,6190,Molnupiravir
2022-09-05,6200,Molnupiravir
2022-09-06,6210,Molnupiravir
2022-09-07,6220,Molnupiravir
2022-09-08,6230,Molnupiravir
2022-09-09,6240,Molnupiravir
2022-09-10,6240,Molnupiravir
2022-09-11,6250,Molnupiravir
2022-09-12,6260,Molnupiravir
2022-09-13,6270,Molnupiravir
2022-09-14,6270,Molnupiravir
2022-09-15,6280,Molnupiravir
2022-09-16,6290,Molnupiravir
2022-09-17,6290,Molnupiravir
2022-09-18,6300,Molnupiravir
2022-09-19,6310,Molnupiravir
2022-09-20,6320,Molnupiravir
2022-09-21,6340,Molnupiravir
2022-09-22,6370,Molnupiravir
2022-09-23,6390,Molnupiravir
2022-09-24,6410,Molnupiravir
2022-09-25,6420,Molnupiravir
2022-09-26,6440,Molnupiravir
2022-09-27,6460,Molnupiravir
2022-09-28,6490,Molnupiravir
2022-09-29,6520,Molnupiravir
2022-09-30,6550,Molnupiravir
2022-10-01,6570,Molnupiravir
2022-10-02,6580,Molnupiravir
2022-10-03,6620,Molnupiravir
2022-10-04,6640,Molnupiravir
2022-10-05,6680,Molnupiravir
2022-10-06,6710,Molnupiravir
2022-10-07,6750,Molnupiravir
2022-10-08,6770,Molnupiravir
2022-10-09,6790,Molnupiravir
2022-10-10,6820,Molnupiravir
2022-10-11,6840,Molnupiravir
2022-10-12,6880,Molnupiravir
2022-10-13,6890,Molnupiravir
2022-10-14,6930,Molnupiravir
2022-10-15,6950,Molnupiravir
2022-10-16,6970,Molnupiravir
2022-10-17,6990,Molnupiravir
2022-10-18,7020,Molnupiravir
2022-10-19,7040,Molnupiravir
2022-10-20,7050,Molnupiravir
2022-10-21,7070,Molnupiravir
2022-10-22,7080,Molnupiravir
2022-10-23,7090,Molnupiravir
2022-10-24,7100,Molnupiravir
2022-10-25,7120,Molnupiravir
2022-10-26,7140,Molnupiravir
2022-10-27,7160,Molnupiravir
2022-10-28,7180,Molnupiravir
2022-10-29,7200,Molnupiravir
2022-10-30,7200,Molnupiravir
2022-10-31,7220,Molnupiravir
2022-11-01,7230,Molnupiravir
2022-11-02,7230,Molnupiravir
2022-11-03,7240,Molnupiravir
2022-11-04,7250,Molnupiravir
2022-11-05,7260,Molnupiravir
2022-11-06,7260,Molnupiravir
2022-11-07,7280,Molnupiravir
2022-11-08,7290,Molnupiravir
2022-11-09,7300,Molnupiravir
2022-11-10,7300,Molnupiravir
2022-11-11,7310,Molnupiravir
2022-11-12,7320,Molnupiravir
2022-11-13,7320,Molnupiravir
2022-11-14,7340,Molnupiravir
2022-11-15,7340,Molnupiravir
2022-11-16,7350,Molnupiravir
2022-11-17,7360,Molnupiravir
2022-11-18,7370,Molnupiravir
2022-11-19,7380,Molnupiravir
2022-11-20,7380,Molnupiravir
2022-11-21,7400,Molnupiravir
2022-11-22,7400,Molnupiravir
2022-11-23,7410,Molnupiravir
2022-11-24,7430,Molnupiravir
2022-11-25,7440,Molnupiravir
2022-11-26,7450,Molnupiravir
2022-11-27,7460,Molnupiravir
2022-11-28,7480,Molnupiravir
2022-11-29,7490,Molnupiravir
2022-11-30,7510,Molnupiravir
2022-12-01,7520,Molnupiravir
2022-12-02,7540,Molnupiravir
2022-12-03,7550,Molnupiravir
2022-12-04,7550,Molnupiravir
2022-12-05,7570,Molnupiravir
2022-12-06,7600,Molnupiravir
2022-12-07,7620,Molnupiravir
2022-12-08,7640,Molnupiravir
2022-12-09,7670,Molnupiravir
2022-12-10,7690,Molnupiravir
2022-12-11,7700,Molnupiravir
2022-12-12,7730,Molnupiravir
2022-12-13,7750,Molnupiravir
2022-12-14,7780,Molnupiravir
2022-12-15,7820,Molnupiravir
2022-12-16,7870,Molnupiravir
2022-12-17,7890,Molnupiravir
2022-12-18,7900,Molnupiravir
2022-12-19,7940,Molnupiravir
2022-12-20,7980,Molnupiravir
2022-12-21,8020,Molnupiravir
2022-12-22,8060,Molnupiravir
2022-12-23,8110,Molnupiravir
2022-12-24,8140,Molnupiravir
2022-12-25,8150,Molnupiravir
2022-12-26,8170,Molnupiravir
2022-12-27,8190,Molnupiravir
2022-12-28,8230,Molnupiravir
2022-12-29,8270,Molnupiravir
2022-12-30,8320,Molnupiravir
2022-12-31,8360,Molnupiravir
2023-01-01,8370,Molnupiravir
2023-01-02,8400,Molnupiravir
2023-01-03,8430,Molnupiravir
2023-01-04,8460,Molnupiravir
2023-01-05,8480,Molnupiravir
2023-01-06,8510,Molnupiravir
2023-01-07,8520,Molnupiravir
2023-01-08,8530,Molnupiravir
2023-01-09,8550,Molnupiravir
2023-01-10,8560,Molnupiravir
2023-01-11,8570,Molnupiravir
2023-01-12,8580,Molnupiravir
2023-01-13,8590,Molnupiravir
2023-01-14,8600,Molnupiravir
2023-01-15,8600,Molnupiravir
2023-01-16,8600,Molnupiravir
2023-01-17,8610,Molnupiravir
2023-01-18,8620,Molnupiravir
2022-01-03,NA,Paxlovid
2022-01-04,NA,Paxlovid
2022-01-05,NA,Paxlovid
2022-01-06,NA,Paxlovid
2022-01-07,NA,Paxlovid
2022-01-08,NA,Paxlovid
2022-01-09,NA,Paxlovid
2022-01-10,NA,Paxlovid
2022-01-11,NA,Paxlovid
2022-01-12,NA,Paxlovid
2022-01-13,NA,Paxlovid
2022-01-14,NA,Paxlovid
2022-01-15,NA,Paxlovid
2022-01-16,NA,Paxlovid
2022-01-17,NA,Paxlovid
2022-01-18,NA,Paxlovid
2022-01-19,NA,Paxlovid
2022-01-20,NA,Paxlovid
2022-01-21,NA,Paxlovid
2022-01-22,NA,Paxlovid
2022-01-23,NA,Paxlovid
2022-01-24,NA,Paxlovid
2022-01-25,NA,Paxlovid
2022-01-26,NA,Paxlovid
2022-01-27,NA,Paxlovid
2022-01-28,NA,Paxlovid
2022-01-29,NA,Paxlovid
2022-01-30,NA,Paxlovid
2022-01-31,NA,Paxlovid
2022-02-01,NA,Paxlovid
2022-02-02,NA,Paxlovid
2022-02-03,NA,Paxlovid
2022-02-04,NA,Paxlovid
2022-02-05,NA,Paxlovid
2022-02-06,NA,Paxlovid
2022-02-07,NA,Paxlovid
2022-02-08,NA,Paxlovid
2022-02-09,NA,Paxlovid
2022-02-10,20,Paxlovid
2022-02-11,30,Paxlovid
2022-02-12,50,Paxlovid
2022-02-13,50,Paxlovid
2022-02-14,80,Paxlovid
2022-02-15,100,Paxlovid
2022-02-16,120,Paxlovid
2022-02-17,160,Paxlovid
2022-02-18,210,Paxlovid
2022-02-19,220,Paxlovid
2022-02-20,220,Paxlovid
2022-02-21,260,Paxlovid
2022-02-22,290,Paxlovid
2022-02-23,320,Paxlovid
2022-02-24,340,Paxlovid
2022-02-25,370,Paxlovid
2022-02-26,400,Paxlovid
2022-02-27,410,Paxlovid
2022-02-28,440,Paxlovid
2022-03-01,460,Paxlovid
2022-03-02,490,Paxlovid
2022-03-03,520,Paxlovid
2022-03-04,570,Paxlovid
2022-03-05,600,Paxlovid
2022-03-06,620,Paxlovid
2022-03-07,660,Paxlovid
2022-03-08,720,Paxlovid
2022-03-09,770,Paxlovid
2022-03-10,840,Paxlovid
2022-03-11,940,Paxlovid
2022-03-12,990,Paxlovid
2022-03-13,1030,Paxlovid
2022-03-14,1110,Paxlovid
2022-03-15,1190,Paxlovid
2022-03-16,1260,Paxlovid
2022-03-17,1350,Paxlovid
2022-03-18,1450,Paxlovid
2022-03-19,1510,Paxlovid
2022-03-20,1560,Paxlovid
2022-03-21,1660,Paxlovid
2022-03-22,1790,Paxlovid
2022-03-23,1880,Paxlovid
2022-03-24,2010,Paxlovid
2022-03-25,2110,Paxlovid
2022-03-26,2170,Paxlovid
2022-03-27,2220,Paxlovid
2022-03-28,2360,Paxlovid
2022-03-29,2480,Paxlovid
2022-03-30,2580,Paxlovid
2022-03-31,2690,Paxlovid
2022-04-01,2780,Paxlovid
2022-04-02,2860,Paxlovid
2022-04-03,2890,Paxlovid
2022-04-04,2980,Paxlovid
2022-04-05,3080,Paxlovid
2022-04-06,3190,Paxlovid
2022-04-07,3290,Paxlovid
2022-04-08,3410,Paxlovid
2022-04-09,3490,Paxlovid
2022-04-10,3540,Paxlovid
2022-04-11,3630,Paxlovid
2022-04-12,3720,Paxlovid
2022-04-13,3830,Paxlovid
2022-04-14,3910,Paxlovid
2022-04-15,3980,Paxlovid
2022-04-16,4030,Paxlovid
2022-04-17,4060,Paxlovid
2022-04-18,4110,Paxlovid
2022-04-19,4190,Paxlovid
2022-04-20,4250,Paxlovid
2022-04-21,4300,Paxlovid
2022-04-22,4350,Paxlovid
2022-04-23,4380,Paxlovid
2022-04-24,4400,Paxlovid
2022-04-25,4450,Paxlovid
2022-04-26,4490,Paxlovid
2022-04-27,4520,Paxlovid
2022-04-28,4550,Paxlovid
2022-04-29,4590,Paxlovid
2022-04-30,4620,Paxlovid
2022-05-01,4630,Paxlovid
2022-05-02,4650,Paxlovid
2022-05-03,4680,Paxlovid
2022-05-04,4710,Paxlovid
2022-05-05,4740,Paxlovid
2022-05-06,4780,Paxlovid
2022-05-07,4800,Paxlovid
2022-05-08,4810,Paxlovid
2022-05-09,4830,Paxlovid
2022-05-10,4860,Paxlovid
2022-05-11,4880,Paxlovid
2022-05-12,4910,Paxlovid
2022-05-13,4930,Paxlovid
2022-05-14,4940,Paxlovid
2022-05-15,4960,Paxlovid
2022-05-16,4990,Paxlovid
2022-05-17,5010,Paxlovid
2022-05-18,5040,Paxlovid
2022-05-19,5060,Paxlovid
2022-05-20,5080,Paxlovid
2022-05-21,5090,Paxlovid
2022-05-22,5100,Paxlovid
2022-05-23,5130,Paxlovid
2022-05-24,5160,Paxlovid
2022-05-25,5180,Paxlovid
2022-05-26,5200,Paxlovid
2022-05-27,5220,Paxlovid
2022-05-28,5230,Paxlovid
2022-05-29,5240,Paxlovid
2022-05-30,5260,Paxlovid
2022-05-31,5290,Paxlovid
2022-06-01,5320,Paxlovid
2022-06-02,5330,Paxlovid
2022-06-03,5350,Paxlovid
2022-06-04,5370,Paxlovid
2022-06-05,5390,Paxlovid
2022-06-06,5410,Paxlovid
2022-06-07,5440,Paxlovid
2022-06-08,5500,Paxlovid
2022-06-09,5550,Paxlovid
2022-06-10,5600,Paxlovid
2022-06-11,5640,Paxlovid
2022-06-12,5670,Paxlovid
2022-06-13,5700,Paxlovid
2022-06-14,5770,Paxlovid
2022-06-15,5820,Paxlovid
2022-06-16,5860,Paxlovid
2022-06-17,5930,Paxlovid
2022-06-18,5980,Paxlovid
2022-06-19,6010,Paxlovid
2022-06-20,6070,Paxlovid
2022-06-21,6110,Paxlovid
2022-06-22,6200,Paxlovid
2022-06-23,6280,Paxlovid
2022-06-24,6370,Paxlovid
2022-06-25,6420,Paxlovid
2022-06-26,6470,Paxlovid
2022-06-27,6540,Paxlovid
2022-06-28,6630,Paxlovid
2022-06-29,6740,Paxlovid
2022-06-30,6830,Paxlovid
2022-07-01,6940,Paxlovid
2022-07-02,7020,Paxlovid
2022-07-03,7060,Paxlovid
2022-07-04,7190,Paxlovid
2022-07-05,7330,Paxlovid
2022-07-06,7460,Paxlovid
2022-07-07,7580,Paxlovid
2022-07-08,7690,Paxlovid
2022-07-09,7790,Paxlovid
2022-07-10,7840,Paxlovid
2022-07-11,7960,Paxlovid
2022-07-12,8070,Paxlovid
2022-07-13,8160,Paxlovid
2022-07-14,8260,Paxlovid
2022-07-15,8380,Paxlovid
2022-07-16,8440,Paxlovid
2022-07-17,8460,Paxlovid
2022-07-18,8550,Paxlovid
2022-07-19,8630,Paxlovid
2022-07-20,8700,Paxlovid
2022-07-21,8760,Paxlovid
2022-07-22,8830,Paxlovid
2022-07-23,8880,Paxlovid
2022-07-24,8900,Paxlovid
2022-07-25,8940,Paxlovid
2022-07-26,9020,Paxlovid
2022-07-27,9080,Paxlovid
2022-07-28,9120,Paxlovid
2022-07-29,9170,Paxlovid
2022-07-30,9200,Paxlovid
2022-07-31,9220,Paxlovid
2022-08-01,9270,Paxlovid
2022-08-02,9330,Paxlovid
2022-08-03,9360,Paxlovid
2022-08-04,9390,Paxlovid
2022-08-05,9430,Paxlovid
2022-08-06,9460,Paxlovid
2022-08-07,9470,Paxlovid
2022-08-08,9520,Paxlovid
2022-08-09,9560,Paxlovid
2022-08-10,9580,Paxlovid
2022-08-11,9620,Paxlovid
2022-08-12,9650,Paxlovid
2022-08-13,9670,Paxlovid
2022-08-14,9680,Paxlovid
2022-08-15,9700,Paxlovid
2022-08-16,9730,Paxlovid
2022-08-17,9760,Paxlovid
2022-08-18,9790,Paxlovid
2022-08-19,9820,Paxlovid
2022-08-20,9840,Paxlovid
2022-08-21,9850,Paxlovid
2022-08-22,9870,Paxlovid
2022-08-23,9890,Paxlovid
2022-08-24,9910,Paxlovid
2022-08-25,9930,Paxlovid
2022-08-26,9960,Paxlovid
2022-08-27,9980,Paxlovid
2022-08-28,9990,Paxlovid
2022-08-29,10010,Paxlovid
2022-08-30,10030,Paxlovid
2022-08-31,10050,Paxlovid
2022-09-01,10080,Paxlovid
2022-09-02,10100,Paxlovid
2022-09-03,10120,Paxlovid
2022-09-04,10140,Paxlovid
2022-09-05,10160,Paxlovid
2022-09-06,10190,Paxlovid
2022-09-07,10220,Paxlovid
2022-09-08,10240,Paxlovid
2022-09-09,10270,Paxlovid
2022-09-10,10280,Paxlovid
2022-09-11,10290,Paxlovid
2022-09-12,10320,Paxlovid
2022-09-13,10350,Paxlovid
2022-09-14,10380,Paxlovid
2022-09-15,10420,Paxlovid
2022-09-16,10440,Paxlovid
2022-09-17,10460,Paxlovid
2022-09-18,10490,Paxlovid
2022-09-19,10510,Paxlovid
2022-09-20,10550,Paxlovid
2022-09-21,10590,Paxlovid
2022-09-22,10640,Paxlovid
2022-09-23,10690,Paxlovid
2022-09-24,10710,Paxlovid
2022-09-25,10730,Paxlovid
2022-09-26,10790,Paxlovid
2022-09-27,10840,Paxlovid
2022-09-28,10890,Paxlovid
2022-09-29,10940,Paxlovid
2022-09-30,11000,Paxlovid
2022-10-01,11020,Paxlovid
2022-10-02,11060,Paxlovid
2022-10-03,11120,Paxlovid
2022-10-04,11200,Paxlovid
2022-10-05,11260,Paxlovid
2022-10-06,11320,Paxlovid
2022-10-07,11380,Paxlovid
2022-10-08,11420,Paxlovid
2022-10-09,11450,Paxlovid
2022-10-10,11520,Paxlovid
2022-10-11,11560,Paxlovid
2022-10-12,11630,Paxlovid
2022-10-13,11680,Paxlovid
2022-10-14,11740,Paxlovid
2022-10-15,11780,Paxlovid
2022-10-16,11800,Paxlovid
2022-10-17,11850,Paxlovid
2022-10-18,11890,Paxlovid
2022-10-19,11950,Paxlovid
2022-10-20,12000,Paxlovid
2022-10-21,12050,Paxlovid
2022-10-22,12060,Paxlovid
2022-10-23,12080,Paxlovid
2022-10-24,12120,Paxlovid
2022-10-25,12160,Paxlovid
2022-10-26,12190,Paxlovid
2022-10-27,12210,Paxlovid
2022-10-28,12240,Paxlovid
2022-10-29,12260,Paxlovid
2022-10-30,12270,Paxlovid
2022-10-31,12300,Paxlovid
2022-11-01,12330,Paxlovid
2022-11-02,12360,Paxlovid
2022-11-03,12380,Paxlovid
2022-11-04,12410,Paxlovid
2022-11-05,12430,Paxlovid
2022-11-06,12440,Paxlovid
2022-11-07,12460,Paxlovid
2022-11-08,12470,Paxlovid
2022-11-09,12480,Paxlovid
2022-11-10,12490,Paxlovid
2022-11-11,12510,Paxlovid
2022-11-12,12520,Paxlovid
2022-11-13,12530,Paxlovid
2022-11-14,12550,Paxlovid
2022-11-15,12560,Paxlovid
2022-11-16,12580,Paxlovid
2022-11-17,12600,Paxlovid
2022-11-18,12610,Paxlovid
2022-11-19,12620,Paxlovid
2022-11-20,12630,Paxlovid
2022-11-21,12650,Paxlovid
2022-11-22,12670,Paxlovid
2022-11-23,12690,Paxlovid
2022-11-24,12700,Paxlovid
2022-11-25,12720,Paxlovid
2022-11-26,12740,Paxlovid
2022-11-27,12740,Paxlovid
2022-11-28,12770,Paxlovid
2022-11-29,12800,Paxlovid
2022-11-30,12830,Paxlovid
2022-12-01,12860,Paxlovid
2022-12-02,12870,Paxlovid
2022-12-03,12880,Paxlovid
2022-12-04,12900,Paxlovid
2022-12-05,12940,Paxlovid
2022-12-06,12960,Paxlovid
2022-12-07,13000,Paxlovid
2022-12-08,13040,Paxlovid
2022-12-09,13060,Paxlovid
2022-12-10,13090,Paxlovid
2022-12-11,13100,Paxlovid
2022-12-12,13140,Paxlovid
2022-12-13,13170,Paxlovid
2022-12-14,13220,Paxlovid
2022-12-15,13260,Paxlovid
2022-12-16,13320,Paxlovid
2022-12-17,13350,Paxlovid
2022-12-18,13370,Paxlovid
2022-12-19,13440,Paxlovid
2022-12-20,13510,Paxlovid
2022-12-21,13570,Paxlovid
2022-12-22,13630,Paxlovid
2022-12-23,13690,Paxlovid
2022-12-24,13740,Paxlovid
2022-12-25,13750,Paxlovid
2022-12-26,13780,Paxlovid
2022-12-27,13820,Paxlovid
2022-12-28,13870,Paxlovid
2022-12-29,13920,Paxlovid
2022-12-30,13980,Paxlovid
2022-12-31,14020,Paxlovid
2023-01-01,14040,Paxlovid
2023-01-02,14070,Paxlovid
2023-01-03,14110,Paxlovid
2023-01-04,14150,Paxlovid
2023-01-05,14190,Paxlovid
2023-01-06,14210,Paxlovid
2023-01-07,14220,Paxlovid
2023-01-08,14230,Paxlovid
2023-01-09,14250,Paxlovid
2023-01-10,14270,Paxlovid
2023-01-11,14280,Paxlovid
2023-01-12,14290,Paxlovid
2023-01-13,14290,Paxlovid
2023-01-14,14300,Paxlovid
2023-01-15,14310,Paxlovid
2023-01-16,14320,Paxlovid
2023-01-17,14340,Paxlovid
2023-01-18,14340,Paxlovid
2023-01-19,14350,Paxlovid
2022-02-10,NA,Remdesivir
2022-02-11,NA,Remdesivir
2022-02-12,NA,Remdesivir
2022-02-13,NA,Remdesivir
2022-02-14,NA,Remdesivir
2022-02-15,NA,Remdesivir
2022-02-16,NA,Remdesivir
2022-02-17,NA,Remdesivir
2022-02-18,NA,Remdesivir
2022-02-19,NA,Remdesivir
2022-02-20,NA,Remdesivir
2022-02-21,NA,Remdesivir
2022-02-22,NA,Remdesivir
2022-02-23,NA,Remdesivir
2022-02-24,NA,Remdesivir
2022-02-25,NA,Remdesivir
2022-02-26,NA,Remdesivir
2022-02-27,NA,Remdesivir
2022-02-28,NA,Remdesivir
2022-03-01,NA,Remdesivir
2022-03-02,10,Remdesivir
2022-03-03,10,Remdesivir
2022-03-04,10,Remdesivir
2022-03-05,10,Remdesivir
2022-03-06,10,Remdesivir
2022-03-07,10,Remdesivir
2022-03-08,10,Remdesivir
2022-03-09,10,Remdesivir
2022-03-10,10,Remdesivir
2022-03-11,10,Remdesivir
2022-03-12,10,Remdesivir
2022-03-13,10,Remdesivir
2022-03-14,10,Remdesivir
2022-03-15,10,Remdesivir
2022-03-16,10,Remdesivir
2022-03-17,10,Remdesivir
2022-03-18,10,Remdesivir
2022-03-19,10,Remdesivir
2022-03-20,10,Remdesivir
2022-03-21,10,Remdesivir
2022-03-22,10,Remdesivir
2022-03-23,10,Remdesivir
2022-03-24,20,Remdesivir
2022-03-25,20,Remdesivir
2022-03-26,20,Remdesivir
2022-03-27,20,Remdesivir
2022-03-28,20,Remdesivir
2022-03-29,20,Remdesivir
2022-03-30,20,Remdesivir
2022-03-31,20,Remdesivir
2022-04-01,20,Remdesivir
2022-04-02,20,Remdesivir
2022-04-03,20,Remdesivir
2022-04-04,20,Remdesivir
2022-04-05,20,Remdesivir
2022-04-06,20,Remdesivir
2022-04-07,20,Remdesivir
2022-04-08,20,Remdesivir
2022-04-09,20,Remdesivir
2022-04-10,20,Remdesivir
2022-04-11,20,Remdesivir
2022-04-12,20,Remdesivir
2022-04-13,20,Remdesivir
2022-04-14,20,Remdesivir
2022-04-15,20,Remdesivir
2022-04-16,20,Remdesivir
2022-04-17,20,Remdesivir
2022-04-18,20,Remdesivir
2022-04-19,20,Remdesivir
2022-04-20,20,Remdesivir
2022-04-21,30,Remdesivir
2022-04-22,30,Remdesivir
2022-04-23,30,Remdesivir
2022-04-24,30,Remdesivir
2022-04-25,30,Remdesivir
2022-04-26,30,Remdesivir
2022-04-27,30,Remdesivir
2022-04-28,30,Remdesivir
2022-04-29,30,Remdesivir
2022-04-30,30,Remdesivir
2022-05-01,30,Remdesivir
2022-05-02,30,Remdesivir
2022-05-03,30,Remdesivir
2022-05-04,30,Remdesivir
2022-05-05,30,Remdesivir
2022-05-06,30,Remdesivir
2022-05-07,30,Remdesivir
2022-05-08,30,Remdesivir
2022-05-09,30,Remdesivir
2022-05-10,30,Remdesivir
2022-05-11,30,Remdesivir
2022-05-12,30,Remdesivir
2022-05-13,30,Remdesivir
2022-05-14,30,Remdesivir
2022-05-15,30,Remdesivir
2022-05-16,30,Remdesivir
2022-05-17,30,Remdesivir
2022-05-18,30,Remdesivir
2022-05-19,30,Remdesivir
2022-05-20,30,Remdesivir
2022-05-21,30,Remdesivir
2022-05-22,30,Remdesivir
2022-05-23,30,Remdesivir
2022-05-24,30,Remdesivir
2022-05-25,30,Remdesivir
2022-05-26,30,Remdesivir
2022-05-27,30,Remdesivir
2022-05-28,30,Remdesivir
2022-05-29,30,Remdesivir
2022-05-30,30,Remdesivir
2022-05-31,40,Remdesivir
2022-06-01,40,Remdesivir
2022-06-02,40,Remdesivir
2022-06-03,40,Remdesivir
2022-06-04,40,Remdesivir
2022-06-05,40,Remdesivir
2022-06-06,40,Remdesivir
2022-06-07,40,Remdesivir
2022-06-08,40,Remdesivir
2022-06-09,40,Remdesivir
2022-06-10,40,Remdesivir
2022-06-11,40,Remdesivir
2022-06-12,40,Remdesivir
2022-06-13,40,Remdesivir
2022-06-14,40,Remdesivir
2022-06-15,40,Remdesivir
2022-06-16,40,Remdesivir
2022-06-17,40,Remdesivir
2022-06-18,40,Remdesivir
2022-06-19,40,Remdesivir
2022-06-20,40,Remdesivir
2022-06-21,40,Remdesivir
2022-06-22,40,Remdesivir
2022-06-23,40,Remdesivir
2022-06-24,40,Remdesivir
2022-06-25,40,Remdesivir
2022-06-26,40,Remdesivir
2022-06-27,40,Remdesivir
2022-06-28,40,Remdesivir
2022-06-29,40,Remdesivir
2022-06-30,40,Remdesivir
2022-07-01,40,Remdesivir
2022-07-02,40,Remdesivir
2022-07-03,40,Remdesivir
2022-07-04,40,Remdesivir
2022-07-05,40,Remdesivir
2022-07-06,40,Remdesivir
2022-07-07,40,Remdesivir
2022-07-08,40,Remdesivir
2022-07-09,40,Remdesivir
2022-07-10,40,Remdesivir
2022-07-11,40,Remdesivir
2022-07-12,40,Remdesivir
2022-07-13,40,Remdesivir
2022-07-14,40,Remdesivir
2022-07-15,40,Remdesivir
2022-07-16,50,Remdesivir
2022-07-17,50,Remdesivir
2022-07-18,50,Remdesivir
2022-07-19,50,Remdesivir
2022-07-20,50,Remdesivir
2022-07-21,50,Remdesivir
2022-07-22,50,Remdesivir
2022-07-23,50,Remdesivir
2022-07-24,50,Remdesivir
2022-07-25,50,Remdesivir
2022-07-26,50,Remdesivir
2022-07-27,50,Remdesivir
2022-07-28,50,Remdesivir
2022-07-29,50,Remdesivir
2022-07-30,50,Remdesivir
2022-07-31,50,Remdesivir
2022-08-01,50,Remdesivir
2022-08-02,50,Remdesivir
2022-08-03,50,Remdesivir
2022-08-04,50,Remdesivir
2022-08-05,50,Remdesivir
2022-08-06,50,Remdesivir
2022-08-07,50,Remdesivir
2022-08-08,50,Remdesivir
2022-08-09,50,Remdesivir
2022-08-10,50,Remdesivir
2022-08-11,50,Remdesivir
2022-08-12,50,Remdesivir
2022-08-13,50,Remdesivir
2022-08-14,50,Remdesivir
2022-08-15,50,Remdesivir
2022-08-16,50,Remdesivir
2022-08-17,50,Remdesivir
2022-08-18,50,Remdesivir
2022-08-19,50,Remdesivir
2022-08-20,50,Remdesivir
2022-08-21,50,Remdesivir
2022-08-22,50,Remdesivir
2022-08-23,50,Remdesivir
2022-08-24,50,Remdesivir
2022-08-25,50,Remdesivir
2022-08-26,50,Remdesivir
2022-08-27,50,Remdesivir
2022-08-28,50,Remdesivir
2022-08-29,50,Remdesivir
2022-08-30,50,Remdesivir
2022-08-31,50,Remdesivir
2022-09-01,50,Remdesivir
2022-09-02,50,Remdesivir
2022-09-03,50,Remdesivir
2022-09-04,50,Remdesivir
2022-09-05,50,Remdesivir
2022-09-06,50,Remdesivir
2022-09-07,50,Remdesivir
2022-09-08,50,Remdesivir
2022-09-09,50,Remdesivir
2022-09-10,50,Remdesivir
2022-09-11,50,Remdesivir
2022-09-12,60,Remdesivir
2022-09-13,60,Remdesivir
2022-09-14,60,Remdesivir
2022-09-15,60,Remdesivir
2022-09-16,60,Remdesivir
2022-09-17,60,Remdesivir
2022-09-18,60,Remdesivir
2022-09-19,60,Remdesivir
2022-09-20,60,Remdesivir
2022-09-21,60,Remdesivir
2022-09-22,60,Remdesivir
2022-09-23,60,Remdesivir
2022-09-24,60,Remdesivir
2022-09-25,60,Remdesivir
2022-09-26,60,Remdesivir
2022-09-27,60,Remdesivir
2022-09-28,60,Remdesivir
2022-09-29,60,Remdesivir
2022-09-30,60,Remdesivir
2022-10-01,60,Remdesivir
2022-10-02,60,Remdesivir
2022-10-03,60,Remdesivir
2022-10-04,60,Remdesivir
2022-10-05,60,Remdesivir
2022-10-06,60,Remdesivir
2022-10-07,60,Remdesivir
2022-10-08,60,Remdesivir
2022-10-09,60,Remdesivir
2022-10-10,60,Remdesivir
2022-10-11,60,Remdesivir
2022-10-12,60,Remdesivir
2022-10-13,60,Remdesivir
2022-10-14,60,Remdesivir
2022-10-15,60,Remdesivir
2022-10-16,60,Remdesivir
2022-10-17,60,Remdesivir
2022-10-18,60,Remdesivir
2022-10-19,60,Remdesivir
2022-10-20,60,Remdesivir
2022-10-21,60,Remdesivir
2022-10-22,60,Remdesivir
2022-10-23,60,Remdesivir
2022-10-24,60,Remdesivir
2022-10-25,60,Remdesivir
2022-10-26,60,Remdesivir
2022-10-27,60,Remdesivir
2022-10-28,60,Remdesivir
2022-10-29,60,Remdesivir
2022-10-30,60,Remdesivir
2022-10-31,60,Remdesivir
2022-11-01,60,Remdesivir
2022-11-02,60,Remdesivir
2022-11-03,60,Remdesivir
2022-11-04,60,Remdesivir
2022-11-05,60,Remdesivir
2022-11-06,60,Remdesivir
2022-11-07,60,Remdesivir
2022-11-08,60,Remdesivir
2022-11-09,60,Remdesivir
2022-11-10,60,Remdesivir
2022-11-11,60,Remdesivir
2022-11-12,60,Remdesivir
2022-11-13,60,Remdesivir
2022-11-14,60,Remdesivir
2022-11-15,60,Remdesivir
2022-11-16,60,Remdesivir
2022-11-17,60,Remdesivir
2022-11-18,60,Remdesivir
2022-11-19,60,Remdesivir
2022-11-20,60,Remdesivir
2022-11-21,60,Remdesivir
2022-11-22,60,Remdesivir
2022-11-23,60,Remdesivir
2022-11-24,60,Remdesivir
2022-11-25,60,Remdesivir
2022-11-26,60,Remdesivir
2022-11-27,60,Remdesivir
2022-11-28,60,Remdesivir
2022-11-29,60,Remdesivir
2022-11-30,60,Remdesivir
2022-12-01,60,Remdesivir
2022-12-02,60,Remdesivir
2022-12-03,60,Remdesivir
2022-12-04,60,Remdesivir
2022-12-05,60,Remdesivir
2022-12-06,60,Remdesivir
2022-12-07,60,Remdesivir
2022-12-08,60,Remdesivir
2022-12-09,60,Remdesivir
2022-12-10,60,Remdesivir
2022-12-11,60,Remdesivir
2022-12-12,60,Remdesivir
2022-12-13,60,Remdesivir
2022-12-14,60,Remdesivir
2022-12-15,70,Remdesivir
2022-12-16,70,Remdesivir
2022-12-17,70,Remdesivir
2022-12-18,70,Remdesivir
2022-12-19,70,Remdesivir
2022-12-20,70,Remdesivir
2022-12-21,70,Remdesivir
2022-12-22,80,Remdesivir
2022-12-23,80,Remdesivir
2022-12-24,80,Remdesivir
2022-12-25,80,Remdesivir
2022-12-26,80,Remdesivir
2022-12-27,80,Remdesivir
2022-12-28,80,Remdesivir
2022-12-29,80,Remdesivir
2022-12-30,80,Remdesivir
2022-12-31,80,Remdesivir
2023-01-01,80,Remdesivir
2023-01-02,90,Remdesivir
2023-01-03,90,Remdesivir
2023-01-04,90,Remdesivir
2023-01-05,90,Remdesivir
2023-01-06,90,Remdesivir
2023-01-07,100,Remdesivir
2023-01-08,100,Remdesivir
2023-01-09,100,Remdesivir
2023-01-10,100,Remdesivir
2023-01-11,100,Remdesivir
2023-01-12,100,Remdesivir
2023-01-13,100,Remdesivir
2023-01-14,100,Remdesivir
2023-01-15,100,Remdesivir
2023-01-16,100,Remdesivir
2023-01-17,100,Remdesivir
2021-12-19,NA,Sotrovimab
2021-12-20,10,Sotrovimab
2021-12-21,30,Sotrovimab
2021-12-22,60,Sotrovimab
2021-12-23,100,Sotrovimab
2021-12-24,160,Sotrovimab
2021-12-25,160,Sotrovimab
2021-12-26,180,Sotrovimab
2021-12-27,220,Sotrovimab
2021-12-28,270,Sotrovimab
2021-12-29,320,Sotrovimab
2021-12-30,400,Sotrovimab
2021-12-31,500,Sotrovimab
2022-01-01,540,Sotrovimab
2022-01-02,590,Sotrovimab
2022-01-03,660,Sotrovimab
2022-01-04,750,Sotrovimab
2022-01-05,820,Sotrovimab
2022-01-06,900,Sotrovimab
2022-01-07,990,Sotrovimab
2022-01-08,1040,Sotrovimab
2022-01-09,1070,Sotrovimab
2022-01-10,1140,Sotrovimab
2022-01-11,1200,Sotrovimab
2022-01-12,1270,Sotrovimab
2022-01-13,1350,Sotrovimab
2022-01-14,1430,Sotrovimab
2022-01-15,1480,Sotrovimab
2022-01-16,1490,Sotrovimab
2022-01-17,1550,Sotrovimab
2022-01-18,1610,Sotrovimab
2022-01-19,1670,Sotrovimab
2022-01-20,1740,Sotrovimab
2022-01-21,1810,Sotrovimab
2022-01-22,1880,Sotrovimab
2022-01-23,1920,Sotrovimab
2022-01-24,1990,Sotrovimab
2022-01-25,2060,Sotrovimab
2022-01-26,2150,Sotrovimab
2022-01-27,2220,Sotrovimab
2022-01-28,2300,Sotrovimab
2022-01-29,2360,Sotrovimab
2022-01-30,2390,Sotrovimab
2022-01-31,2490,Sotrovimab
2022-02-01,2560,Sotrovimab
2022-02-02,2640,Sotrovimab
2022-02-03,2730,Sotrovimab
2022-02-04,2820,Sotrovimab
2022-02-05,2890,Sotrovimab
2022-02-06,2920,Sotrovimab
2022-02-07,3000,Sotrovimab
2022-02-08,3080,Sotrovimab
2022-02-09,3160,Sotrovimab
2022-02-10,3220,Sotrovimab
2022-02-11,3290,Sotrovimab
2022-02-12,3330,Sotrovimab
2022-02-13,3370,Sotrovimab
2022-02-14,3420,Sotrovimab
2022-02-15,3490,Sotrovimab
2022-02-16,3560,Sotrovimab
2022-02-17,3640,Sotrovimab
2022-02-18,3720,Sotrovimab
2022-02-19,3760,Sotrovimab
2022-02-20,3800,Sotrovimab
2022-02-21,3870,Sotrovimab
2022-02-22,3930,Sotrovimab
2022-02-23,3990,Sotrovimab
2022-02-24,4050,Sotrovimab
2022-02-25,4130,Sotrovimab
2022-02-26,4180,Sotrovimab
2022-02-27,4200,Sotrovimab
2022-02-28,4250,Sotrovimab
2022-03-01,4320,Sotrovimab
2022-03-02,4390,Sotrovimab
2022-03-03,4450,Sotrovimab
2022-03-04,4520,Sotrovimab
2022-03-05,4560,Sotrovimab
2022-03-06,4600,Sotrovimab
2022-03-07,4690,Sotrovimab
2022-03-08,4790,Sotrovimab
2022-03-09,4890,Sotrovimab
2022-03-10,5000,Sotrovimab
2022-03-11,5130,Sotrovimab
2022-03-12,5200,Sotrovimab
2022-03-13,5250,Sotrovimab
2022-03-14,5360,Sotrovimab
2022-03-15,5480,Sotrovimab
2022-03-16,5620,Sotrovimab
2022-03-17,5730,Sotrovimab
2022-03-18,5870,Sotrovimab
2022-03-19,5930,Sotrovimab
2022-03-20,5970,Sotrovimab
2022-03-21,6080,Sotrovimab
2022-03-22,6200,Sotrovimab
2022-03-23,6330,Sotrovimab
2022-03-24,6490,Sotrovimab
2022-03-25,6640,Sotrovimab
2022-03-26,6710,Sotrovimab
2022-03-27,6760,Sotrovimab
2022-03-28,6890,Sotrovimab
2022-03-29,7020,Sotrovimab
2022-03-30,7160,Sotrovimab
2022-03-31,7290,Sotrovimab
2022-04-01,7450,Sotrovimab
2022-04-02,7550,Sotrovimab
2022-04-03,7620,Sotrovimab
2022-04-04,7740,Sotrovimab
2022-04-05,7880,Sotrovimab
2022-04-06,7990,Sotrovimab
2022-04-07,8090,Sotrovimab
2022-04-08,8210,Sotrovimab
2022-04-09,8260,Sotrovimab
2022-04-10,8320,Sotrovimab
2022-04-11,8440,Sotrovimab
2022-04-12,8570,Sotrovimab
2022-04-13,8690,Sotrovimab
2022-04-14,8780,Sotrovimab
2022-04-15,8860,Sotrovimab
2022-04-16,8910,Sotrovimab
2022-04-17,8960,Sotrovimab
2022-04-18,9040,Sotrovimab
2022-04-19,9130,Sotrovimab
2022-04-20,9200,Sotrovimab
2022-04-21,9280,Sotrovimab
2022-04-22,9350,Sotrovimab
2022-04-23,9380,Sotrovimab
2022-04-24,9420,Sotrovimab
2022-04-25,9490,Sotrovimab
2022-04-26,9540,Sotrovimab
2022-04-27,9570,Sotrovimab
2022-04-28,9610,Sotrovimab
2022-04-29,9650,Sotrovimab
2022-04-30,9680,Sotrovimab
2022-05-01,9690,Sotrovimab
2022-05-02,9720,Sotrovimab
2022-05-03,9760,Sotrovimab
2022-05-04,9800,Sotrovimab
2022-05-05,9840,Sotrovimab
2022-05-06,9880,Sotrovimab
2022-05-07,9910,Sotrovimab
2022-05-08,9920,Sotrovimab
2022-05-09,9970,Sotrovimab
2022-05-10,10000,Sotrovimab
2022-05-11,10030,Sotrovimab
2022-05-12,10060,Sotrovimab
2022-05-13,10090,Sotrovimab
2022-05-14,10110,Sotrovimab
2022-05-15,10120,Sotrovimab
2022-05-16,10140,Sotrovimab
2022-05-17,10160,Sotrovimab
2022-05-18,10180,Sotrovimab
2022-05-19,10210,Sotrovimab
2022-05-20,10230,Sotrovimab
2022-05-21,10250,Sotrovimab
2022-05-22,10260,Sotrovimab
2022-05-23,10290,Sotrovimab
2022-05-24,10300,Sotrovimab
2022-05-25,10330,Sotrovimab
2022-05-26,10350,Sotrovimab
2022-05-27,10380,Sotrovimab
2022-05-28,10390,Sotrovimab
2022-05-29,10400,Sotrovimab
2022-05-30,10430,Sotrovimab
2022-05-31,10450,Sotrovimab
2022-06-01,10470,Sotrovimab
2022-06-02,10480,Sotrovimab
2022-06-03,10500,Sotrovimab
2022-06-04,10510,Sotrovimab
2022-06-05,10520,Sotrovimab
2022-06-06,10560,Sotrovimab
2022-06-07,10600,Sotrovimab
2022-06-08,10650,Sotrovimab
2022-06-09,10690,Sotrovimab
2022-06-10,10730,Sotrovimab
2022-06-11,10750,Sotrovimab
2022-06-12,10760,Sotrovimab
2022-06-13,10810,Sotrovimab
2022-06-14,10850,Sotrovimab
2022-06-15,10890,Sotrovimab
2022-06-16,10950,Sotrovimab
2022-06-17,11010,Sotrovimab
2022-06-18,11050,Sotrovimab
2022-06-19,11070,Sotrovimab
2022-06-20,11120,Sotrovimab
2022-06-21,11160,Sotrovimab
2022-06-22,11230,Sotrovimab
2022-06-23,11280,Sotrovimab
2022-06-24,11360,Sotrovimab
2022-06-25,11400,Sotrovimab
2022-06-26,11420,Sotrovimab
2022-06-27,11500,Sotrovimab
2022-06-28,11570,Sotrovimab
2022-06-29,11650,Sotrovimab
2022-06-30,11730,Sotrovimab
2022-07-01,11810,Sotrovimab
2022-07-02,11860,Sotrovimab
2022-07-03,11900,Sotrovimab
2022-07-04,12000,Sotrovimab
2022-07-05,12070,Sotrovimab
2022-07-06,12180,Sotrovimab
2022-07-07,12280,Sotrovimab
2022-07-08,12370,Sotrovimab
2022-07-09,12420,Sotrovimab
2022-07-10,12480,Sotrovimab
2022-07-11,12540,Sotrovimab
2022-07-12,12640,Sotrovimab
2022-07-13,12720,Sotrovimab
2022-07-14,12800,Sotrovimab
2022-07-15,12890,Sotrovimab
2022-07-16,12940,Sotrovimab
2022-07-17,12960,Sotrovimab
2022-07-18,13040,Sotrovimab
2022-07-19,13090,Sotrovimab
2022-07-20,13140,Sotrovimab
2022-07-21,13210,Sotrovimab
2022-07-22,13270,Sotrovimab
2022-07-23,13290,Sotrovimab
2022-07-24,13320,Sotrovimab
2022-07-25,13380,Sotrovimab
2022-07-26,13420,Sotrovimab
2022-07-27,13460,Sotrovimab
2022-07-28,13510,Sotrovimab
2022-07-29,13560,Sotrovimab
2022-07-30,13580,Sotrovimab
2022-07-31,13590,Sotrovimab
2022-08-01,13630,Sotrovimab
2022-08-02,13680,Sotrovimab
2022-08-03,13720,Sotrovimab
2022-08-04,13750,Sotrovimab
2022-08-05,13800,Sotrovimab
2022-08-06,13820,Sotrovimab
2022-08-07,13830,Sotrovimab
2022-08-08,13880,Sotrovimab
2022-08-09,13910,Sotrovimab
2022-08-10,13940,Sotrovimab
2022-08-11,13970,Sotrovimab
2022-08-12,14010,Sotrovimab
2022-08-13,14030,Sotrovimab
2022-08-14,14040,Sotrovimab
2022-08-15,14080,Sotrovimab
2022-08-16,14100,Sotrovimab
2022-08-17,14130,Sotrovimab
2022-08-18,14150,Sotrovimab
2022-08-19,14180,Sotrovimab
2022-08-20,14200,Sotrovimab
2022-08-21,14200,Sotrovimab
2022-08-22,14220,Sotrovimab
2022-08-23,14250,Sotrovimab
2022-08-24,14270,Sotrovimab
2022-08-25,14290,Sotrovimab
2022-08-26,14320,Sotrovimab
2022-08-27,14330,Sotrovimab
2022-08-28,14330,Sotrovimab
2022-08-29,14340,Sotrovimab
2022-08-30,14370,Sotrovimab
2022-08-31,14380,Sotrovimab
2022-09-01,14420,Sotrovimab
2022-09-02,14440,Sotrovimab
2022-09-03,14450,Sotrovimab
2022-09-04,14460,Sotrovimab
2022-09-05,14490,Sotrovimab
2022-09-06,14510,Sotrovimab
2022-09-07,14530,Sotrovimab
2022-09-08,14560,Sotrovimab
2022-09-09,14600,Sotrovimab
2022-09-10,14600,Sotrovimab
2022-09-11,14610,Sotrovimab
2022-09-12,14640,Sotrovimab
2022-09-13,14670,Sotrovimab
2022-09-14,14700,Sotrovimab
2022-09-15,14730,Sotrovimab
2022-09-16,14760,Sotrovimab
2022-09-17,14770,Sotrovimab
2022-09-18,14780,Sotrovimab
2022-09-19,14810,Sotrovimab
2022-09-20,14830,Sotrovimab
2022-09-21,14870,Sotrovimab
2022-09-22,14900,Sotrovimab
2022-09-23,14940,Sotrovimab
2022-09-24,14960,Sotrovimab
2022-09-25,14970,Sotrovimab
2022-09-26,15020,Sotrovimab
2022-09-27,15050,Sotrovimab
2022-09-28,15090,Sotrovimab
2022-09-29,15130,Sotrovimab
2022-09-30,15180,Sotrovimab
2022-10-01,15200,Sotrovimab
2022-10-02,15210,Sotrovimab
2022-10-03,15270,Sotrovimab
2022-10-04,15320,Sotrovimab
2022-10-05,15370,Sotrovimab
2022-10-06,15420,Sotrovimab
2022-10-07,15480,Sotrovimab
2022-10-08,15500,Sotrovimab
2022-10-09,15530,Sotrovimab
2022-10-10,15590,Sotrovimab
2022-10-11,15620,Sotrovimab
2022-10-12,15660,Sotrovimab
2022-10-13,15690,Sotrovimab
2022-10-14,15720,Sotrovimab
2022-10-15,15750,Sotrovimab
2022-10-16,15760,Sotrovimab
2022-10-17,15800,Sotrovimab
2022-10-18,15820,Sotrovimab
2022-10-19,15860,Sotrovimab
2022-10-20,15900,Sotrovimab
2022-10-21,15940,Sotrovimab
2022-10-22,15950,Sotrovimab
2022-10-23,15960,Sotrovimab
2022-10-24,16000,Sotrovimab
2022-10-25,16020,Sotrovimab
2022-10-26,16040,Sotrovimab
2022-10-27,16060,Sotrovimab
2022-10-28,16070,Sotrovimab
2022-10-29,16100,Sotrovimab
2022-10-30,16110,Sotrovimab
2022-10-31,16130,Sotrovimab
2022-11-01,16140,Sotrovimab
2022-11-02,16160,Sotrovimab
2022-11-03,16180,Sotrovimab
2022-11-04,16200,Sotrovimab
2022-11-05,16210,Sotrovimab
2022-11-06,16220,Sotrovimab
2022-11-07,16230,Sotrovimab
2022-11-08,16240,Sotrovimab
2022-11-09,16260,Sotrovimab
2022-11-10,16270,Sotrovimab
2022-11-11,16290,Sotrovimab
2022-11-12,16290,Sotrovimab
2022-11-13,16300,Sotrovimab
2022-11-14,16320,Sotrovimab
2022-11-15,16330,Sotrovimab
2022-11-16,16340,Sotrovimab
2022-11-17,16350,Sotrovimab
2022-11-18,16370,Sotrovimab
2022-11-19,16380,Sotrovimab
2022-11-20,16380,Sotrovimab
2022-11-21,16400,Sotrovimab
2022-11-22,16410,Sotrovimab
2022-11-23,16430,Sotrovimab
2022-11-24,16440,Sotrovimab
2022-11-25,16450,Sotrovimab
2022-11-26,16460,Sotrovimab
2022-11-27,16460,Sotrovimab
2022-11-28,16480,Sotrovimab
2022-11-29,16490,Sotrovimab
2022-11-30,16500,Sotrovimab
2022-12-01,16510,Sotrovimab
2022-12-02,16520,Sotrovimab
2022-12-03,16520,Sotrovimab
2022-12-04,16520,Sotrovimab
2022-12-05,16530,Sotrovimab
2022-12-06,16540,Sotrovimab
2022-12-07,16550,Sotrovimab
2022-12-08,16560,Sotrovimab
2022-12-09,16560,Sotrovimab
2022-12-10,16560,Sotrovimab
2022-12-11,16560,Sotrovimab
2022-12-12,16580,Sotrovimab
2022-12-13,16580,Sotrovimab
2022-12-14,16600,Sotrovimab
2022-12-15,16600,Sotrovimab
2022-12-16,16610,Sotrovimab
2022-12-17,16620,Sotrovimab
2022-12-18,16620,Sotrovimab
2022-12-19,16630,Sotrovimab
2022-12-20,16640,Sotrovimab
2022-12-21,16650,Sotrovimab
2022-12-22,16660,Sotrovimab
2022-12-23,16680,Sotrovimab
2022-12-24,16680,Sotrovimab
2022-12-25,16680,Sotrovimab
2022-12-26,16690,Sotrovimab
2022-12-27,16690,Sotrovimab
2022-12-28,16700,Sotrovimab
2022-12-29,16700,Sotrovimab
2022-12-30,16710,Sotrovimab
2022-12-31,16720,Sotrovimab
2023-01-01,16720,Sotrovimab
2023-01-02,16720,Sotrovimab
2023-01-03,16730,Sotrovimab
2023-01-04,16730,Sotrovimab
2023-01-05,16740,Sotrovimab
2023-01-06,16740,Sotrovimab
2023-01-07,16740,Sotrovimab
2023-01-08,16750,Sotrovimab
2023-01-09,16750,Sotrovimab
2023-01-10,16750,Sotrovimab
2023-01-11,16750,Sotrovimab
2023-01-12,16760,Sotrovimab
2023-01-13,16760,Sotrovimab
2023-01-14,16760,Sotrovimab
2023-01-15,16760,Sotrovimab
2023-01-16,16760,Sotrovimab
2023-01-17,16760,Sotrovimab
2023-01-18,16760,Sotrovimab
2023-01-19,16760,Sotrovimab
2023-01-20,16760,Sotrovimab
